cumulative_distance_interp,x_interp,y_interp,radius_of_curvature_polyfit_interp
0.0,-3256.1273774883566,4867077.952215139,181.1774425388677
1.0,-3256.639649215511,4867078.811038769,192.31865441591225
2.0,-3257.1577171767194,4867079.666383331,205.19574675042907
3.0,-3257.68056467491,4867080.518837352,219.51812547768338
4.0,-3258.20717501301,4867081.368989366,235.0746029203688
5.0,-3258.7365314939457,4867082.217427894,251.7762178659778
6.0,-3259.267617420645,4867083.064741468,269.6691181016304
7.0,-3259.7994160960343,4867083.911518613,288.82718489412656
8.0,-3260.330967225895,4867084.758333631,309.31120707852983
9.0,-3260.861843264545,4867085.60562641,331.15780998300653
10.0,-3261.391909779107,4867086.453762892,354.3687549528613
11.0,-3261.9227563565764,4867087.301815544,378.89970928456074
12.0,-3262.4629852304633,4867088.143589301,404.64916827200824
13.0,-3263.022984194477,4867088.971547872,431.473540845855
14.0,-3263.6091180815088,4867089.781049629,459.2358458031111
15.0,-3264.2138126574746,4867090.577482609,487.8200552708547
16.0,-3264.826476765351,4867091.368405635,517.1399976572156
17.0,-3265.4365208760087,4867092.161376356,547.1472110974438
18.0,-3266.036528423932,4867092.961666595,577.8370305861699
19.0,-3266.6288786794726,4867093.767491187,609.194325886508
20.0,-3267.2178354006414,4867094.575707361,641.0918173466634
21.0,-3267.8076623454517,4867095.383172357,673.2679087731307
22.0,-3268.4026232719148,4867096.186743406,705.3170391097701
23.0,-3269.0069610326786,4867096.983293249,736.6920428942348
24.0,-3269.6214976446977,4867097.772232173,766.8054637932001
25.0,-3270.2398680494684,4867098.558301768,795.1401785189069
26.0,-3270.8548001942772,4867099.346916424,821.2778408954958
27.0,-3271.459024513336,4867100.1434886865,844.916004109854
28.0,-3272.048274428105,4867100.951199775,865.8726181540561
29.0,-3272.6271150786474,4867101.766668634,884.0527982660981
30.0,-3273.201727022285,4867102.585313902,899.4255311384943
31.0,-3273.7782866343136,4867103.402557306,1007.8843669866403
32.0,-3274.3609375211868,4867104.215324833,1127.403708151071
33.0,-3274.948525990196,4867105.024462473,1256.428231773643
34.0,-3275.53904636269,4867105.831446692,1391.2665790594415
35.0,-3276.130492960019,4867106.637753954,1525.3102910001971
36.0,-3276.721252575874,4867107.444571725,1648.5876705719018
37.0,-3277.3112765463247,4867108.251935419,1748.1997954195087
38.0,-3277.9009060108347,4867109.05959342,1810.2401307559664
39.0,-3278.4904821088676,4867109.8672941085,1823.2310290440728
40.0,-3279.0803459798885,4867110.674785868,1782.2456892999978
41.0,-3279.670838763359,4867111.48181708,1690.9666128883175
42.0,-3280.262299950587,4867112.28813734,1561.6793707268191
43.0,-3280.8548846178805,4867113.093632184,1415.3262954813188
44.0,-3281.448397483243,4867113.898445405,1273.7361139738698
45.0,-3282.042604078794,4867114.702749677,1152.0783168243343
46.0,-3282.6372699366534,4867115.506717679,1054.1182953062973
47.0,-3283.232160588944,4867116.310522085,977.2059674940818
48.0,-3283.827046299372,4867117.114332049,915.9763104863343
49.0,-3284.421999266101,4867117.918091651,864.6355551705925
50.0,-3285.0175703639916,4867118.721388165,819.5907277077991
51.0,-3285.6143529182386,4867119.5237772195,779.0876102514297
52.0,-3286.2129402540345,4867120.324814443,742.6537328416659
53.0,-3286.8139066224294,4867121.124069534,710.7847366633094
54.0,-3287.417437119763,4867121.92139917,684.7647246114041
55.0,-3288.0233533742094,4867122.716928071,665.9927194066319
56.0,-3288.631463084618,4867123.510791233,654.8237420821187
57.0,-3289.2415739498374,4867124.303123649,650.6034037887101
58.0,-3289.8535059837277,4867125.0940510975,651.6116179657403
59.0,-3290.467208938258,4867125.883602276,655.3138035309461
60.0,-3291.0827103048614,4867126.671747712,659.6727792027511
61.0,-3291.7000386272853,4867127.458457146,663.4624843615089
62.0,-3292.3192224492796,4867128.243700317,666.5055120498151
63.0,-3292.9402903145906,4867129.027446962,669.5342221185471
64.0,-3293.5632603193794,4867129.809675511,673.2777581405904
65.0,-3294.18803348931,4867130.590461715,678.2617179852546
66.0,-3294.814437351023,4867131.369942436,684.7467050807653
67.0,-3295.4422982942483,4867132.148255476,692.6855396098673
68.0,-3296.0714427087128,4867132.9255386405,701.9534077960366
69.0,-3296.7016969841434,4867133.701929735,712.4182878860513
70.0,-3297.332887510269,4867134.477566563,723.9436876303639
71.0,-3297.964840676816,4867135.252586927,736.393299757535
72.0,-3298.5973828735146,4867136.027128636,749.6380563405346
73.0,-3299.2303404900904,4867136.801329491,763.5655569098637
74.0,-3299.863539916272,4867137.575327298,778.045975005255
75.0,-3300.496817922625,4867138.349251805,792.8627326035825
76.0,-3301.130113350624,4867139.123153567,807.7163850152275
77.0,-3301.7634230161175,4867139.897038159,822.2114933970311
78.0,-3302.3967444018226,4867140.670910632,835.8430934514861
79.0,-3303.0300749904522,4867141.444776041,847.9892099635503
80.0,-3303.663412264719,4867142.218639442,857.9995625914615
81.0,-3304.296753707341,4867142.992505889,865.3502372152562
82.0,-3304.9300968010293,4867143.766380435,869.6850718861067
83.0,-3305.563468609635,4867144.540242838,870.8593284233008
84.0,-3306.1971092536373,4867145.31389064,868.9655281818752
85.0,-3306.831352210644,4867146.087041542,864.2314294990114
86.0,-3307.4665313547507,4867146.859412909,856.9121896950794
87.0,-3308.102980560052,4867147.630722102,847.3072352965089
88.0,-3308.741033700643,4867148.400686482,835.7538445325705
89.0,-3309.3810246506205,4867149.169023412,822.6064049558166
90.0,-3310.0232872840784,4867149.935450258,808.2485330252789
91.0,-3310.6681166870885,4867150.699717066,793.0919694242864
92.0,-3311.315312004528,4867151.461991851,777.5404825035347
93.0,-3311.9643296519585,4867152.222731465,761.9583206790377
94.0,-3312.6146192169485,4867152.982398508,746.6717548296696
95.0,-3313.2656302870687,4867153.741455591,731.9725975464263
96.0,-3313.916855599116,4867154.50032875,718.0998419796239
97.0,-3314.5682319562325,4867155.259067705,705.2334051068202
98.0,-3315.2199575058594,4867156.017500704,693.5034821362306
99.0,-3315.872233748899,4867156.775453151,683.001401192982
100.0,-3316.525262186255,4867157.532750452,673.8010262849276
101.0,-3317.1792443188306,4867158.289218011,665.965589733911
102.0,-3317.834381647527,4867159.044681234,659.5474899022915
103.0,-3318.4908756732484,4867159.798965525,654.5877746721746
104.0,-3319.148925977384,4867160.55189792,651.1150652421034
105.0,-3319.808619858445,4867161.303400824,649.1436605209275
106.0,-3320.4698722170365,4867162.053543079,648.6724372997755
107.0,-3321.132583313928,4867162.802405955,649.6945003099793
108.0,-3321.7966534098923,4867163.550070728,652.170433003947
109.0,-3322.4619827657025,4867164.296618673,656.0112712311635
110.0,-3323.128472761501,4867165.042130086,661.0733534471451
111.0,-3323.796093185289,4867165.7866255995,667.1502195918931
112.0,-3324.464920579791,4867166.530032735,673.965564058781
113.0,-3325.1350407559075,4867167.272270933,681.227897526563
114.0,-3325.806539524536,4867168.013259632,688.6927890699629
115.0,-3326.479502696574,4867168.752918268,696.2105171208324
116.0,-3327.153991220524,4867169.491188926,703.7562794438435
117.0,-3327.829888171014,4867170.2281756895,711.4433959985606
118.0,-3328.506999141245,4867170.964053214,719.4661400864052
119.0,-3329.1851294044973,4867171.698996442,728.0058348302641
120.0,-3329.8640842340483,4867172.43318032,737.2354318027923
121.0,-3330.5436716354693,4867173.166777305,747.3354373976746
122.0,-3331.223810839286,4867173.899858504,758.5084545272298
123.0,-3331.9045685266424,4867174.632360678,770.9638437617435
124.0,-3332.5860215371104,4867175.364211335,784.9050927738152
125.0,-3333.2682467102604,4867176.095337974,800.5122482625853
126.0,-3333.9513208856656,4867176.825668104,817.9180800485301
127.0,-3334.6353209028975,4867177.555129225,837.1893633745402
128.0,-3335.3203236015274,4867178.283648843,858.4285154306878
129.0,-3336.0063850151273,4867179.01117394,881.858556214076
130.0,-3336.693438308674,4867179.737766528,907.7607813564192
131.0,-3337.3813717038693,4867180.463530688,936.2772435106086
132.0,-3338.0700733554786,4867181.188570568,967.3494330323354
133.0,-3338.7594314182693,4867181.912990316,1000.6657161040757
134.0,-3339.4493340470062,4867182.636894079,1035.6051083003827
135.0,-3340.139669396458,4867183.360386003,1071.3912727085967
136.0,-3340.8303256213903,4867184.083570237,1107.2660884620877
137.0,-3341.5212313090387,4867184.806512223,1142.4672515776829
138.0,-3342.2125982618513,4867185.529006298,1176.2627638461108
139.0,-3342.904759360689,4867186.250730893,1207.994531645495
140.0,-3343.598047942639,4867186.971364005,1237.0811151450444
141.0,-3344.292797344791,4867187.690583634,1263.0129927467503
142.0,-3344.9893172034035,4867188.408090697,1285.4179159309258
143.0,-3345.6874360367824,4867189.124051465,1304.1582078860417
144.0,-3346.3865343245475,4867189.839065567,1319.3530118667222
145.0,-3347.085975471869,4867190.5537491385,1331.2589943833057
146.0,-3347.7851228839204,4867191.268718323,1340.1820995550966
147.0,-3348.4833491645895,4867191.984580338,1346.4581769161193
148.0,-3349.1804998970833,4867192.701483706,1350.3207674701198
149.0,-3349.877111669824,4867193.418906805,1351.8325294074823
150.0,-3350.573775849167,4867194.136274894,1350.8765672991785
151.0,-3351.2710838014705,4867194.853013229,1347.1582466555267
152.0,-3351.9695963221584,4867195.568576827,1340.3082147341718
153.0,-3352.6693607747343,4867196.2829205515,1330.1404986550565
154.0,-3353.369998527358,4867196.996413991,1316.7570522922404
155.0,-3354.0711180558496,4867197.7094392795,1300.52098824591
156.0,-3354.772327836032,4867198.422378559,1282.009329956227
157.0,-3355.4732363437256,4867199.135613961,1261.9590198570559
158.0,-3356.173452054753,4867199.849527627,1241.1826602751148
159.0,-3356.872585526864,4867200.564499652,1220.2422139321557
160.0,-3357.570617159946,4867201.280547278,1199.3346121554423
161.0,-3358.268319888317,4867201.996910209,1178.3106784458564
162.0,-3358.9665689997005,4867202.712727721,1156.7346113472236
163.0,-3359.666239781824,4867203.427139097,1134.010948092999
164.0,-3360.3681787569576,4867204.139311821,1109.6189854675895
165.0,-3361.0726276344085,4867204.849006425,1083.1646574972103
166.0,-3361.779253274276,4867205.5565471025,1054.3838934054693
167.0,-3362.487699768808,4867206.26228037,1023.1447896322945
168.0,-3363.1976112102507,4867206.9665527465,989.4898643544491
169.0,-3363.9086365218486,4867207.669706261,953.757528582395
170.0,-3364.6205105566946,4867208.372003103,916.5476416150741
171.0,-3365.333042072888,4867209.073636792,878.6224819076601
172.0,-3366.046042237411,4867209.774798608,840.8140200940621
173.0,-3366.7593222172445,4867210.475679836,803.9608611250616
174.0,-3367.47271106547,4867211.176453417,768.7553416103036
175.0,-3368.1862564149583,4867211.8770681685,735.6283657017715
176.0,-3368.9001521472774,4867212.577322947,704.7846929506163
177.0,-3369.614594827571,4867213.277013861,676.2462006886391
178.0,-3370.3297810209783,4867213.975937013,649.8928788558212
179.0,-3371.045907292643,4867214.673888511,625.5732152084245
180.0,-3371.763170207706,4867215.370664462,603.1096203122494
181.0,-3372.481765048222,4867216.0660623005,582.2157862624229
182.0,-3373.2017362200377,4867216.760035604,562.5608729438055
183.0,-3373.9228374304007,4867217.452838809,543.8135230974904
184.0,-3374.644789309411,4867218.144760581,525.6396613982039
185.0,-3375.367312487169,4867218.836089584,507.7337779448256
186.0,-3376.090127593777,4867219.527114485,489.82934785390535
187.0,-3376.8129552593373,4867220.218123953,471.7033533658459
188.0,-3377.535579376091,4867220.909340509,453.2135029768495
189.0,-3378.2583836077292,4867221.6003596,434.4239287863409
190.0,-3378.9820825898387,4867222.290430637,415.5546094955301
191.0,-3379.7073944284557,4867222.978799395,396.91454847318664
192.0,-3380.4350372276635,4867223.664711663,378.86015046890213
193.0,-3381.1656101868343,4867224.347530131,361.6186116168625
194.0,-3381.8992726668334,4867225.027049984,345.27739970621957
195.0,-3382.636082350409,4867225.703166378,329.847778370159
196.0,-3383.37609692031,4867226.375774469,315.27841253532887
197.0,-3384.1193722813086,4867227.044771486,301.46389403371313
198.0,-3384.865877898757,4867227.710155213,288.2724942079951
199.0,-3385.6154597553796,4867228.372067095,275.55818490578037
200.0,-3386.3679543505827,4867229.030659605,263.1652051838234
201.0,-3387.123198183773,4867229.686085218,250.94954022115422
202.0,-3387.8810269409796,4867230.338497501,238.79613362819958
203.0,-3388.641192963558,4867230.988161724,226.62865019445942
204.0,-3389.4032942587482,4867231.635550006,214.43164261540122
205.0,-3390.1669121098435,4867232.281156886,202.2972769798926
206.0,-3390.9316278001347,4867232.925476897,190.3809351124404
207.0,-3391.697022612916,4867233.569004577,178.84700607850561
208.0,-3392.46267783148,4867234.212234462,167.83412529678904
209.0,-3393.2282071460895,4867234.855622036,157.4396209006018
210.0,-3393.994225830522,4867235.498415958,147.71271019019895
211.0,-3394.762517917397,4867236.138456611,138.66662678726044
212.0,-3395.534933531312,4867236.773504743,130.29361189019232
213.0,-3396.313320101616,4867237.401323498,122.57408806358352
214.0,-3397.0990975873233,4867238.0200560335,115.48148469923008
215.0,-3397.8927947251746,4867238.628637776,108.9852063494528
216.0,-3398.6948287938267,4867239.226103233,103.05362468184974
217.0,-3399.505617071937,4867239.811486915,97.65672711025773
218.0,-3400.3251247178364,4867240.38450499,92.76702475982627
219.0,-3401.151139354773,4867240.948156698,88.35984811354834
220.0,-3401.9807938724566,4867241.506428412,84.41588153909734
221.0,-3402.8112210316094,4867242.063306708,80.92058430491868
222.0,-3403.6399774722922,4867242.622194278,77.86264854612247
223.0,-3404.46799333252,4867243.181846947,75.23362855705463
224.0,-3405.297810396828,4867243.73880056,73.02726847202379
225.0,-3406.131980448694,4867244.289577183,71.2376066769888
226.0,-3406.9730552715964,4867244.830698892,69.85860465091223
227.0,-3407.823586649014,4867245.35868775,68.88442831377284
228.0,-3408.6861212471417,4867245.870056119,68.30961652699813
229.0,-3409.562615906018,4867246.360197077,68.1285852844126
230.0,-3410.4538973995295,4867246.822359227,68.33484882488357
231.0,-3411.360664796647,4867247.2495488385,68.92117859294771
232.0,-3412.28361716634,4867247.634772176,69.87943485862313
233.0,-3413.22345357758,4867247.971035512,71.19982179320192
234.0,-3414.18015843228,4867248.2541527,72.87152935028317
235.0,-3415.1508480181187,4867248.491205065,74.88722330871046
236.0,-3416.131919224915,4867248.692100104,77.24535738031791
237.0,-3417.119768942492,4867248.866745316,79.95087130979799
238.0,-3418.1107940606685,4867249.0250482,83.00832106333587
239.0,-3419.101694699672,4867249.176397417,86.41612616257868
240.0,-3420.091287486949,4867249.326560202,90.1623141479328
241.0,-3421.079291037614,4867249.479760468,94.22583308562002
242.0,-3422.0654273124173,4867249.640216395,98.58076753685413
243.0,-3423.0494182721054,4867249.812146164,103.19411864985405
244.0,-3424.030980530678,4867249.999574037,108.02310322413678
245.0,-3425.00976074281,4867250.203986961,113.01043562028329
246.0,-3425.9853564233354,4867250.425089644,118.07639804416733
247.0,-3426.9573640677927,4867250.662549831,123.11712593585145
248.0,-3427.925380171721,4867250.916035267,128.0035425042169
249.0,-3428.88900123066,4867251.1852136925,132.57802260962097
250.0,-3429.8478989129358,4867251.469585613,136.6515611621441
251.0,-3430.8027687622375,4867251.766373643,140.02362164957734
252.0,-3431.75504587487,4867252.071155063,142.5033532668748
253.0,-3432.7061817622753,4867252.379470636,143.932083111741
254.0,-3433.6576279358933,4867252.686861122,144.20494168573464
255.0,-3434.610835907166,4867252.988867285,143.28530695039802
256.0,-3435.567223538965,4867253.281072287,141.20451205675437
257.0,-3436.5277400819505,4867253.55964983,138.0531754700226
258.0,-3437.492991089952,4867253.821206735,133.9673007814167
259.0,-3438.4635742064393,4867254.06235979,129.12156318727384
260.0,-3439.439983945518,4867254.279863166,123.72770857295095
261.0,-3440.4218917314597,4867254.471567489,118.01936996335097
262.0,-3441.408574822221,4867254.635848459,112.22960852469971
263.0,-3442.3993077367472,4867254.771093228,106.574634489101
264.0,-3443.3932735412263,4867254.878455335,101.24531541124128
265.0,-3444.3894310958212,4867254.965870427,96.38896293253552
266.0,-3445.3867055311366,4867255.042294446,92.08271145210252
267.0,-3446.3841481618465,4867255.11557651,88.34945600144574
268.0,-3447.381590925568,4867255.186718506,85.17640350628061
269.0,-3448.379163924259,4867255.254106963,82.53315849713714
270.0,-3449.3769978553937,4867255.316123194,80.38401006756614
271.0,-3450.3752234164467,4867255.371148507,78.6967763319067
272.0,-3451.3739632113375,4867255.417513649,77.44498954454772
273.0,-3452.3732232733128,4867255.452821069,76.60474051141281
274.0,-3453.372922162543,4867255.474126715,76.15076307519509
275.0,-3454.3729762281646,4867255.478473407,76.05569890338101
276.0,-3455.373140800333,4867255.463148152,76.29286788912354
277.0,-3456.3726769561385,4867255.426187515,76.83776892227206
278.0,-3457.37075125519,4867255.3657714,77.66750684927653
279.0,-3458.36657486156,4867255.280331638,78.75966480694883
280.0,-3459.360185424282,4867255.172968027,80.09105345732948
281.0,-3460.3523494638107,4867255.050897016,81.63679373167884
282.0,-3461.343858485624,4867254.921476173,83.37365667317921
283.0,-3462.335332636948,4867254.79075081,85.28272620683089
284.0,-3463.326486308086,4867254.65783001,87.34582160135854
285.0,-3464.3167357309717,4867254.5195395835,89.54220445381863
286.0,-3465.3054969563827,4867254.372703944,91.84823933775964
287.0,-3466.2921860351044,4867254.214147517,94.23764391309543
288.0,-3467.2762271511847,4867254.040739974,96.6865502342617
289.0,-3468.2574733016627,4867253.85173712,99.18025243022821
290.0,-3469.2364101783364,4867253.6499153795,101.71622725724863
291.0,-3470.2135743265135,4867253.438334151,104.30687386286895
292.0,-3471.1895022915,4867253.220052833,106.97905676358083
293.0,-3472.1647306186055,4867252.998130827,109.77203416481613
294.0,-3473.139740202561,4867252.775378666,112.73895423016991
295.0,-3474.1140970399542,4867252.550515548,115.9421049822651
296.0,-3475.0866182757595,4867252.318911878,119.43389769090687
297.0,-3476.0560990317917,4867252.075839575,123.24854513973493
298.0,-3477.0213703637005,4867251.8167187385,127.39703675718008
299.0,-3477.9821728049346,4867251.540719903,131.88268844144207
300.0,-3478.9392050168017,4867251.2509646565,136.70806911586135
301.0,-3479.893211332735,4867250.950762927,141.8746872238963
302.0,-3480.844932704254,4867250.64340899,147.38277203511686
303.0,-3481.794861796186,4867250.331048183,153.23151729274053
304.0,-3482.7430777891077,4867250.013912445,159.42364879140723
305.0,-3483.6896207234213,4867249.692052598,165.97233028054666
306.0,-3484.6345306398807,4867249.365519468,172.90786429573757
307.0,-3485.5778844376605,4867249.034482489,180.28522588860457
308.0,-3486.5198971725977,4867248.699555716,188.1905519003442
309.0,-3487.460816264657,4867248.361457356,196.7539879220355
310.0,-3488.4008891337967,4867248.020905613,206.16779549379865
311.0,-3489.3403631999804,4867247.678618693,216.67296343254796
312.0,-3490.2794858831703,4867247.335314802,228.52873821848408
313.0,-3491.218465041756,4867246.991607495,241.99774785477774
314.0,-3492.1568993121587,4867246.646498816,257.3356978487233
315.0,-3493.0939093611796,4867246.297726472,274.8618906476688
316.0,-3494.0286030299376,4867245.942994254,294.99708115082456
317.0,-3494.9601211753948,4867245.580092125,318.30817642292226
318.0,-3495.888343137987,4867245.208737692,345.59215519737853
319.0,-3496.8138753240373,4867244.830546414,378.02035484033894
320.0,-3497.737354872017,4867244.44721396,417.3047933553565
321.0,-3498.6594189203993,4867244.060436001,465.90521437760634
322.0,-3499.5806455086654,4867243.671739467,527.4639601269614
323.0,-3500.50130764206,4867243.28178032,607.5714385837597
324.0,-3501.421580198657,4867242.890934342,715.1795709032398
325.0,-3502.3416380098374,4867242.499577176,865.4180037145882
326.0,-3503.2616555148625,4867242.108083691,1086.8098624246265
327.0,-3504.1817572748623,4867241.716729661,1441.925523674239
328.0,-3505.1019696440303,4867241.32559574,2101.1676517748965
329.0,-3506.0223075044696,4867240.934739785,3755.915771827586
330.0,-3506.9427857382852,4867240.544219661,15910.419153398952
331.0,-3507.8634192275804,4867240.154093227,7385.318194280303
332.0,-3508.7842228544587,4867239.764418347,3039.025576432581
333.0,-3509.705211501023,4867239.375252882,1930.7895072243014
334.0,-3510.6264085349544,4867238.986666716,1425.7677216054033
335.0,-3511.5478768795415,4867238.598785784,1137.7301828297243
336.0,-3512.4696909748973,4867238.211752337,952.0121071595954
337.0,-3513.391925262446,4867237.825708632,822.5123067075057
338.0,-3514.3146541836145,4867237.440796925,727.1203599393224
339.0,-3515.2379521798266,4867237.0571594685,653.9262513871488
340.0,-3516.1619171088228,4867236.675007322,595.8723817758711
341.0,-3517.0868112599283,4867236.295034687,548.5025577309947
342.0,-3518.0129673748293,4867235.91814278,508.8746315053384
343.0,-3518.940718463609,4867235.545233599,474.981231558617
344.0,-3519.870397536344,4867235.177209146,445.4945341054298
345.0,-3520.8022500484894,4867234.81474681,419.574887245044
346.0,-3521.736120373066,4867234.457495041,396.6189275454624
347.0,-3522.6717381022722,4867234.104807832,376.15458578709047
348.0,-3523.608832819048,4867233.756039152,357.7821349553932
349.0,-3524.547134106331,4867233.410542962,341.16358655054506
350.0,-3525.4863988659413,4867233.067738114,326.02832812303046
351.0,-3526.426559091021,4867232.727459234,312.16510735798084
352.0,-3527.3676158640187,4867232.3897050265,299.4142856402881
353.0,-3528.309570435982,4867232.054474593,287.6563755492942
354.0,-3529.2524240579546,4867231.721767035,276.7850032349872
355.0,-3530.1961779809853,4867231.391581454,266.7013960808652
356.0,-3531.140829945784,4867231.063908037,257.3118119726516
357.0,-3532.086329320395,4867230.738614079,248.51850252585308
358.0,-3533.0325902511327,4867230.415477399,240.2217294191635
359.0,-3533.979526087439,4867230.094273798,232.32106234215905
360.0,-3534.9270501787487,4867229.774779067,224.7191959006116
361.0,-3535.8750758745055,4867229.4567690035,217.32503797988235
362.0,-3536.823516524148,4867229.140019406,210.05540122559088
363.0,-3537.7722854771146,4867228.824306064,202.8370491354804
364.0,-3538.7213408168586,4867228.509524078,195.60882214218802
365.0,-3539.6709038564723,4867228.196270524,188.32353830703855
366.0,-3540.6212918712695,4867227.885398395,180.95912390557325
367.0,-3541.572822276058,4867227.577761058,173.5372293300394
368.0,-3542.525812492278,4867227.274211926,166.11127008027006
369.0,-3543.480626047355,4867226.975948849,158.7516661068369
370.0,-3544.437782786813,4867226.685337438,151.534046393348
371.0,-3545.397835652812,4867226.404990556,144.52752304298338
372.0,-3546.3613375875148,4867226.137521065,137.78950173506075
373.0,-3547.32883885745,4867225.885530782,131.36666717232703
374.0,-3548.3004675353677,4867225.649878789,125.29563324308396
375.0,-3549.2754725889945,4867225.427795404,119.6041284248551
376.0,-3550.252993207596,4867225.216057795,114.3114480935843
377.0,-3551.2321685804413,4867225.011443137,109.42502670443206
378.0,-3552.212160040571,4867224.81081571,104.93336765248021
379.0,-3553.1926125998107,4867224.6129425205,100.80766712759605
380.0,-3554.1736411253664,4867224.418438922,97.0084003970062
381.0,-3555.1553798628165,4867224.227996499,93.48991119393999
382.0,-3556.1379630577344,4867224.042306834,90.20494344637068
383.0,-3557.1215249556953,4867223.862061512,87.11126416211177
384.0,-3558.1061998022737,4867223.687952117,84.17350611330382
385.0,-3559.0921218487724,4867223.520670514,81.36167206031932
386.0,-3560.0794315353337,4867223.361213017,78.64997977972777
387.0,-3561.0682872761345,4867223.211460133,76.018758910327
388.0,-3562.058850730033,4867223.073451983,73.46176486440798
389.0,-3563.0512835558875,4867222.949228688,70.98434129203173
390.0,-3564.045747412556,4867222.840830371,68.60036318999387
391.0,-3565.0423275671073,4867222.7503213445,66.32943518005186
392.0,-3566.0406316306853,4867222.679917188,64.18653390452101
393.0,-3567.0400829653054,4867222.631891832,62.17596235047344
394.0,-3568.040104541324,4867222.608519325,60.29336668637912
395.0,-3569.0401194516944,4867222.612071177,58.527634905507945
396.0,-3570.039616618276,4867222.643451902,56.86298325676295
397.0,-3571.0382591765915,4867222.699948335,55.280198203061175
398.0,-3572.03573875253,4867222.778255686,53.760896144666525
399.0,-3573.0317469719803,4867222.875069164,52.29462689577553
400.0,-3574.0259793287355,4867222.98710237,50.87871810347836
401.0,-3575.018318623381,4867223.111959645,49.51758007797427
402.0,-3576.008914806339,4867223.24851575,48.22132012303165
403.0,-3576.9979382983142,4867223.395742803,47.0043389608278
404.0,-3577.9855595200142,4867223.552612913,45.88293700228534
405.0,-3578.971948892142,4867223.718098193,44.86574366291046
406.0,-3579.957276835406,4867223.891170762,43.9497556060014
407.0,-3580.9416180384537,4867224.071170066,43.121754371881664
408.0,-3581.92405247973,4867224.261252473,42.36051716929698
409.0,-3582.903070382535,4867224.466837354,41.64980291147972
410.0,-3583.8771542333534,4867224.693373772,40.98807519767407
411.0,-3584.844786518677,4867224.946310787,40.38809010420883
412.0,-3585.804410151961,4867225.230812898,39.875798104392494
413.0,-3586.7540568294694,4867225.549087576,39.47949639983367
414.0,-3587.691514426181,4867225.901589003,39.219879156214816
415.0,-3588.614567617908,4867226.2887483565,39.109861292894315
416.0,-3589.5210012921343,4867226.710996549,39.154933413716115
417.0,-3590.409852341264,4867227.167192189,39.35912787062906
418.0,-3591.284361968583,4867227.650914,39.72927999355767
419.0,-3592.1486529186845,4867228.154633645,40.27532435377331
420.0,-3593.0068479361667,4867228.670822784,41.01054820350442
421.0,-3593.862814095061,4867229.192344954,41.9518845766916
422.0,-3594.716326698906,4867229.718335255,43.119705086978094
423.0,-3595.5638692558337,4867230.252974223,44.53395047572059
424.0,-3596.4018319757793,4867230.800585385,46.211808995191824
425.0,-3597.2266050686803,4867231.365492275,48.16677837834348
426.0,-3598.0345787444744,4867231.952018423,50.40841060084461
427.0,-3598.8221561811465,4867232.5644708015,52.944414872931134
428.0,-3599.587737788953,4867233.2046063775,55.78115337024651
429.0,-3600.3338575903927,4867233.868904439,58.92335917025026
430.0,-3601.063562122227,4867234.553189916,62.375221412860355
431.0,-3601.779897921215,4867235.253287731,66.14391655458536
432.0,-3602.485911524115,4867235.965022811,70.24080334341923
433.0,-3603.18464946769,4867236.684220084,74.68221156410229
434.0,-3603.878311737558,4867237.407567449,79.487441568531
435.0,-3604.563334403515,4867238.137628538,84.67415560153
436.0,-3605.2337510460793,4867238.879416079,90.25803954473906
437.0,-3605.883587291907,4867239.637950909,96.25297972278986
438.0,-3606.5074389545734,4867240.4177854685,102.67116320338943
439.0,-3607.10892094015,4867241.2160632545,109.5218622687214
440.0,-3607.698849114734,4867242.024012359,116.81390878940574
441.0,-3608.2882401177676,4867242.832695949,124.55951377933039
442.0,-3608.887701147767,4867243.633506367,132.77511348420393
443.0,-3609.4995737568875,4867244.424481307,141.48272290927733
444.0,-3610.118527071343,4867245.209826879,150.71246392033555
445.0,-3610.7389396268363,4867245.99398282,160.497308452421
446.0,-3611.355520839709,4867246.781127817,170.86557092403396
447.0,-3611.9668796357287,4867247.572364012,181.840650139514
448.0,-3612.5741661611196,4867248.366788631,193.44257137043635
449.0,-3613.178574072069,4867249.163464577,205.69773441299182
450.0,-3613.781297024763,4867249.961454749,218.64278326194437
451.0,-3614.3835286753874,4867250.759822047,232.31774857916463
452.0,-3614.986202837848,4867251.557828422,246.74075679320677
453.0,-3615.5883500481627,4867252.356193807,261.8786824546519
454.0,-3616.1881544405196,4867253.156286512,277.64030707708343
455.0,-3616.7837966835373,4867253.959477486,293.8634967632361
456.0,-3617.3738728748385,4867254.766805004,310.32533295035347
457.0,-3617.9581849052047,4867255.57834173,326.81073408744345
458.0,-3618.5367521988564,4867256.393986122,343.19506541610576
459.0,-3619.1095960590205,4867257.213635465,359.4911149339173
460.0,-3619.6771776264873,4867258.036910717,375.79893048790484
461.0,-3620.2409605802586,4867258.862803017,392.2787154225963
462.0,-3620.8025475973554,4867259.690216177,408.992866036596
463.0,-3621.363527015101,4867260.51806371,425.74022034480987
464.0,-3621.9246750232096,4867261.3458085675,441.9569224004392
465.0,-3622.4855359607564,4867262.173747069,456.77019308777307
466.0,-3623.045551292755,4867263.00224513,469.4370957883021
467.0,-3623.6041624842264,4867263.831668672,479.62950538643844
468.0,-3624.160811000184,4867264.6623836085,487.58478110984504
469.0,-3624.714968230002,4867265.4947363315,494.2156902576353
470.0,-3625.266703957637,4867266.328682765,500.63581729103123
471.0,-3625.8166403237883,4867267.163818402,507.7074207341829
472.0,-3626.365420167447,4867267.999725233,515.828985169625
473.0,-3626.913686327603,4867268.835985244,524.7609164556145
474.0,-3627.462047021265,4867269.672202784,533.9665565589627
475.0,-3628.01037243965,4867270.508458715,542.8231041499936
476.0,-3628.557825743425,4867271.345290417,549.823635988024
477.0,-3629.103541673897,4867272.183253614,553.0769058428457
478.0,-3629.6468192990847,4867273.022797969,551.7986904112299
479.0,-3630.188033872579,4867273.863678506,545.9612428349336
480.0,-3630.7279937425433,4867274.705370697,535.7532280836552
481.0,-3631.2675080185277,4867275.54734953,521.5335069329745
482.0,-3631.8070650175628,4867276.38929691,503.8020610135103
483.0,-3632.3462614286173,4867277.231469869,483.18053150108386
484.0,-3632.8845402746483,4867278.074224552,460.4799744659685
485.0,-3633.421344580448,4867278.917917112,436.66431395677563
486.0,-3633.956360096876,4867279.762748973,412.7174960164056
487.0,-3634.490186929155,4867280.608338728,389.5171975791437
488.0,-3635.023640447981,4867281.4541677525,367.74017719451956
489.0,-3635.5575360240496,4867282.299717421,347.8621508188887
490.0,-3636.0926890280566,4867283.144469105,330.1895132790039
491.0,-3636.6297490381776,4867283.988009152,314.8435683662837
492.0,-3637.1673678989296,4867284.831188735,301.6519286502166
493.0,-3637.7028743607625,4867285.675696726,290.2320140626344
494.0,-3638.233599280944,4867286.523220056,280.08160836568226
495.0,-3638.758057100514,4867287.374668537,270.6501993062352
496.0,-3639.27641464214,4867288.2298670495,261.40437940197205
497.0,-3639.788961521407,4867289.088559855,251.9262385109348
498.0,-3640.2962869976495,4867289.950327981,241.93882385930095
499.0,-3640.800227005991,4867290.81407337,231.28705521888187
500.0,-3641.3029416543814,4867291.678521372,219.95088426454706
501.0,-3641.806485383726,4867292.542461117,208.11179206021822
502.0,-3642.311489347666,4867293.405540798,196.07594760898195
503.0,-3642.8175645411293,4867294.268024354,184.18983887565773
504.0,-3643.324299730313,4867295.130189144,172.73272563483192
505.0,-3643.829336637087,4867295.9933746215,161.86798308044268
506.0,-3644.322490178455,4867296.863189506,151.67819584590268
507.0,-3644.7972468431053,4867297.743174943,142.18923629110185
508.0,-3645.2606079305215,4867298.629345662,133.3857416597076
509.0,-3645.717536702323,4867299.518873113,125.22237542890859
510.0,-3646.1686220758734,4867300.411388348,117.6355375242056
511.0,-3646.6142367615967,4867301.306643977,110.55442803277808
512.0,-3647.0547534699203,4867302.204392621,103.90992673391636
513.0,-3647.4905470880663,4867303.104386194,97.64011691946182
514.0,-3647.922200157936,4867304.006309664,91.68732378771547
515.0,-3648.3506715546728,4867304.9097266905,85.99927158530261
516.0,-3648.776959852099,4867305.814188128,80.53516228880866
517.0,-3649.202063624036,4867306.719244831,75.27344794065105
518.0,-3649.6269814443094,4867307.624447659,70.23360298835503
519.0,-3650.052711886743,4867308.529347468,65.4735402416128
520.0,-3650.4802533999023,4867309.433495167,61.06599375843738
521.0,-3650.9096031274453,4867310.336881032,57.08270497952838
522.0,-3651.3373364654585,4867311.240996752,53.589456720299545
523.0,-3651.7592985131155,4867312.147654469,50.64748779436293
524.0,-3652.171334369586,4867313.0586663205,48.319603921030456
525.0,-3652.5692891340414,4867313.975844444,46.67981000631445
526.0,-3652.949234089378,4867314.900835821,45.83288004776719
527.0,-3653.3090143853556,4867315.833992165,45.94734606336332
528.0,-3653.6473120657697,4867316.775054096,47.28177564337271
529.0,-3653.9628141360085,4867317.723758625,50.22030680323421
530.0,-3654.2555585824716,4867318.679541079,55.36953180649823
531.0,-3654.5305404208107,4867319.640729822,63.74870119621306
532.0,-3654.7938912997083,4867320.605399398,77.21191761588905
533.0,-3655.0515996751337,4867321.571666959,99.51613832318714
534.0,-3655.3060544535524,4867322.53872059,139.73490850733558
535.0,-3655.5558662374033,4867323.506872505,227.50895446105503
536.0,-3655.7994666591776,4867324.476488166,549.1390068622488
537.0,-3656.0352873513634,4867325.447933034,1716.8025139849397
538.0,-3656.2617599464506,4867326.421572569,344.6291068573915
539.0,-3656.477302331526,4867327.397761644,189.4933301311039
540.0,-3656.6802065565507,4867328.376758203,126.18055991613168
541.0,-3656.8686971527145,4867329.358768183,89.01169050254599
542.0,-3657.040998006507,4867330.34399702,62.283256125837056
543.0,-3657.1952885493442,4867331.3326272685,40.59603227142055
544.0,-3657.328970973601,4867332.324441297,22.565135609382615
545.0,-3657.4387861013174,4867333.318880956,9.218032214119154
546.0,-3657.5214536626854,4867334.315377237,2.222211478759116
547.0,-3657.5738898968243,4867335.313366971,2.055118697751199
548.0,-3657.597510332402,4867336.312420892,62.962953939855915
549.0,-3657.598218474624,4867337.312243264,56.38340485607976
550.0,-3657.5821120750306,4867338.312544151,23.15616911994781
551.0,-3657.5552573274163,4867339.313032878,46.88159011967426
552.0,-3657.52065933695,4867340.31334824,9.60709401952505
553.0,-3657.4757473253926,4867341.313000562,0.9318881247106505
554.0,-3657.417358568147,4867342.311486521,4.136841635297411
555.0,-3657.3423303406125,4867343.308302797,12.529435498397822
556.0,-3657.247499918193,4867344.302946074,24.9911407290952
557.0,-3657.1297741479575,4867345.294921468,40.63187320475371
558.0,-3656.9887508258644,4867346.284060483,60.25321754921212
559.0,-3656.827515509555,4867347.270617644,87.42795971915903
560.0,-3656.6493860590717,4867348.254875657,132.32496972464827
561.0,-3656.4576803344585,4867349.237117223,233.31331293460747
562.0,-3656.255716195759,4867350.217625046,778.2243342225158
563.0,-3656.0468115030158,4867351.196681829,605.5872707914273
564.0,-3655.8330310014812,4867352.174334164,214.8530679942656
565.0,-3655.610810063485,4867353.149567957,128.284566814491
566.0,-3655.3750039683764,4867354.121071394,90.25109665133958
567.0,-3655.1204679140255,4867355.087532645,69.22561250955862
568.0,-3654.8423514890314,4867356.04766034,56.29191761601505
569.0,-3654.538846805111,4867357.000374493,47.91538580601748
570.0,-3654.209942423314,4867357.944719945,42.389557208136566
571.0,-3653.8556501826515,4867358.879743152,38.77234854789704
572.0,-3653.475992999806,4867359.804497287,36.49256460372186
573.0,-3653.0725111169068,4867360.718955447,35.18006566988123
574.0,-3652.6497919544763,4867361.624938195,34.582949813275164
575.0,-3652.212787451966,4867362.524487085,34.522003498974385
576.0,-3651.7664495488275,4867363.419643676,34.86511712449466
577.0,-3651.315249619595,4867364.312248936,35.51302334151306
578.0,-3650.860287470478,4867365.202736488,36.39434065473278
579.0,-3650.401219468077,4867366.090937446,37.46355604617129
580.0,-3649.937696501596,4867366.976680641,38.693938506983564
581.0,-3649.469369460242,4867367.859794901,40.0686339245224
582.0,-3648.9958892332234,4867368.740109053,41.57371009019577
583.0,-3648.516906709747,4867369.617451931,43.19405628235034
584.0,-3648.0317312032753,4867370.4914246155,44.916382761722815
585.0,-3647.5380753354925,4867371.360563638,46.73215890882659
586.0,-3647.033185564801,4867372.223094715,48.638859209621884
587.0,-3646.5143082937034,4867373.0772435265,50.642093712809206
588.0,-3645.978753089353,4867373.921264341,52.758249970890695
589.0,-3645.4254196760903,4867374.754131039,55.010909723765
590.0,-3644.854878216978,4867375.575573446,57.42146118459956
591.0,-3644.2677781082475,4867376.385357249,60.0049929754602
592.0,-3643.6647687461314,4867377.183248131,62.766809261003864
593.0,-3643.0466551424497,4867377.96918972,65.69826004038181
594.0,-3642.4155541201767,4867378.744625719,68.77131972961608
595.0,-3641.774240295561,4867379.511752021,71.93601574641333
596.0,-3641.125493215895,4867380.272770155,75.13627524444254
597.0,-3640.4720924284725,4867381.029881652,78.32047139457717
598.0,-3639.816516807507,4867381.785041086,81.45104498846761
599.0,-3639.1590378872424,4867382.538390008,84.51518413044263
600.0,-3638.49894363591,4867383.289262121,87.52126915606051
601.0,-3637.8355175046004,4867384.036987405,90.49611437090905
602.0,-3637.1680429444064,4867384.780895851,93.48924146515117
603.0,-3636.4958034064207,4867385.520317445,96.57662925281961
604.0,-3635.818082341735,4867386.25458217,99.8511431246446
605.0,-3635.1341643721626,4867386.98302111,103.39533789691981
606.0,-3634.4437163243024,4867387.705322131,107.2705659475478
607.0,-3633.7473354781914,4867388.422041678,111.50815647085669
608.0,-3633.045758006472,4867389.133865852,116.10361103546542
609.0,-3632.339720081786,4867389.841480754,121.03609888163471
610.0,-3631.629957876776,4867390.545572487,126.27675751583067
611.0,-3630.917207564084,4867391.246827152,131.78546263982875
612.0,-3630.2022053163523,4867391.94593085,137.50691235325002
613.0,-3629.4856669934134,4867392.64354885,143.36624905880456
614.0,-3628.767703238278,4867393.339725713,149.2642803836949
615.0,-3628.0477311339882,4867394.033794698,155.07759671786195
616.0,-3627.325129679256,4867394.725049999,160.6807827421634
617.0,-3626.5992778727964,4867395.412785813,165.96269518459965
618.0,-3625.869554713319,4867396.096296335,170.84114396526763
619.0,-3625.1353519122945,4867396.774887687,175.279509101594
620.0,-3624.396260761899,4867397.44805321,179.2807470285408
621.0,-3623.652031124496,4867398.115434994,182.87524987181257
622.0,-3622.9024172368195,4867398.776679235,186.12707259891744
623.0,-3622.147173335604,4867399.431432124,189.13818023322412
624.0,-3621.386053657585,4867400.079339858,192.04770842787727
625.0,-3620.6188683691894,4867400.720115402,194.99951024210475
626.0,-3619.846031478223,4867401.354192588,198.1159100092102
627.0,-3619.0683256353013,4867401.982445349,201.4811890736222
628.0,-3618.2865387595857,4867402.6057539,205.12833197973256
629.0,-3617.5014587702385,4867403.224998462,209.03179143376056
630.0,-3616.713873586423,4867403.841059253,213.14758977510905
631.0,-3615.9245466627835,4867404.454791154,217.43464123200243
632.0,-3615.1338987239387,4867405.0666941125,221.8569782719682
633.0,-3614.342098106135,4867405.677006699,226.38672611044728
634.0,-3613.5493072813665,4867406.285961409,231.00808618491203
635.0,-3612.755688721628,4867406.89379074,235.7242201419963
636.0,-3611.9614048989133,4867407.500727186,240.56572831258634
637.0,-3611.166618285217,4867408.107003246,245.58582296041212
638.0,-3610.3714913525328,4867408.712851416,250.83363206809312
639.0,-3609.5761815412916,4867409.31849732,256.34629279052655
640.0,-3608.780567634693,4867409.9237858495,262.1439353983111
641.0,-3607.984109353436,4867410.527989341,268.2234867872861
642.0,-3607.186231831661,4867411.130332872,274.54801983872125
643.0,-3606.386360203507,4867411.730041521,281.03435479195196
644.0,-3605.5839196230554,4867412.326340388,287.54292060290004
645.0,-3604.7784294363673,4867412.918560888,293.8939415719653
646.0,-3603.969720778906,4867413.506386342,299.89673077741065
647.0,-3603.1576892119283,4867414.089572791,305.3595061268638
648.0,-3602.3422302966896,4867414.66787627,310.1068044854869
649.0,-3601.523239594451,4867415.241052821,313.99894617523574
650.0,-3600.700640119879,4867415.808903241,316.9453888686261
651.0,-3599.8747594152246,4867416.371887897,318.9065388365352
652.0,-3599.046233259488,4867416.930969718,319.8927524913349
653.0,-3598.215705179669,4867417.487124268,319.9659773426859
654.0,-3597.383818702771,4867418.0413271105,319.22736525889627
655.0,-3596.5512158249358,4867418.59455144,317.80361602663487
656.0,-3595.7182928341294,4867419.147390227,315.8422569534363
657.0,-3594.8849322356755,4867419.699641377,313.4776534694318
658.0,-3594.050952056974,4867420.2510030195,310.80903581620777
659.0,-3593.216170325423,4867420.8011732865,307.89846769110716
660.0,-3592.380405068419,4867421.349850304,304.77029216594394
661.0,-3591.543474313361,4867421.896732205,301.41263911125014
662.0,-3590.7051960876483,4867422.441517117,297.7988208448937
663.0,-3589.865388418679,4867422.983903172,293.9167775447391
664.0,-3589.0238736575716,4867423.523595432,289.77522680161337
665.0,-3588.1805814457202,4867424.060471059,285.39841961780456
666.0,-3587.3355532628298,4867424.594586595,280.8208085718553
667.0,-3586.4888358224257,4867425.126006984,276.08219592601444
668.0,-3585.6404758380345,4867425.654797169,271.2235951020397
669.0,-3584.790520023183,4867426.181022089,266.28389968201503
670.0,-3583.939015091397,4867426.704746685,261.2975222440149
671.0,-3583.086001299836,4867427.226024497,256.2913653844935
672.0,-3582.2313976525534,4867427.744694936,251.26242864243136
673.0,-3581.375015344532,4867428.260407023,246.18115718952356
674.0,-3580.516661814847,4867428.772803144,241.00194354532974
675.0,-3579.6561445025727,4867429.281525686,235.6722079985792
676.0,-3578.7932708467865,4867429.78621704,230.13796007114092
677.0,-3577.927857258308,4867430.286535787,224.34629427948292
678.0,-3577.0598919804297,4867430.7824506415,218.2666671184743
679.0,-3576.1895178533896,4867431.274209355,211.89688697858287
680.0,-3575.316883229991,4867431.762069623,205.26077528508475
681.0,-3574.4421364630357,4867432.2462891415,198.40361409932487
682.0,-3573.5654259053254,4867432.727125607,191.37682125032222
683.0,-3572.6868898104663,4867433.2048144415,184.22854690208717
684.0,-3571.8064240535045,4867433.679056403,177.0168358440834
685.0,-3570.9236763851477,4867434.1490049185,169.81065956122455
686.0,-3570.038283307548,4867434.613788598,162.6788866298167
687.0,-3569.1498813228595,4867435.072536055,155.6866127870681
688.0,-3568.2581069332327,4867435.5243759025,148.89732716316595
689.0,-3567.3625966408226,4867435.968436752,142.36743836594098
690.0,-3566.46298694778,4867436.403847216,136.13652983355283
691.0,-3565.5589390311825,4867436.829791509,130.2280857966002
692.0,-3564.650564746767,4867437.246469325,124.65416716994832
693.0,-3563.738369929695,4867437.654968096,119.4190452543979
694.0,-3562.8228736858932,4867438.056405155,114.5219133945453
695.0,-3561.90459512129,4867438.451897833,109.95881767704094
696.0,-3560.984053341813,4867438.8425634615,105.7231827236548
697.0,-3560.06176745339,4867439.229519375,101.80612007493237
698.0,-3559.1382565619483,4867439.613882902,98.19712101316514
699.0,-3558.2140397734174,4867439.996771378,94.88173462041719
700.0,-3557.289636152571,4867440.379302032,91.8408139537955
701.0,-3556.3652020579507,4867440.761683778,89.05181614869667
702.0,-3555.4396478325184,4867441.141005182,86.48964920703132
703.0,-3554.5116164625783,4867441.513685273,84.12785642669904
704.0,-3553.579750934433,4867441.876143086,81.93949171453794
705.0,-3552.6426942343837,4867442.224797649,79.89910998198154
706.0,-3551.6990893487327,4867442.556067996,77.98476207540646
707.0,-3550.747809466195,4867442.866643446,76.1775901252776
708.0,-3549.789012762317,4867443.154722037,74.4613549805714
709.0,-3548.8233030890033,4867443.4190251,72.82129624889538
710.0,-3547.8512847369307,4867443.658274466,71.24323552460325
711.0,-3546.873561996778,4867443.871191977,69.71424074980789
712.0,-3545.890739159221,4867444.056499467,68.22539920992241
713.0,-3544.9034264644024,4867444.21314533,66.77206991802198
714.0,-3543.912311083177,4867444.343007426,65.35350778172112
715.0,-3542.9181337755144,4867444.450004267,63.97343813281419
716.0,-3541.921636390373,4867444.538095823,62.640473870539545
717.0,-3540.9235607767127,4867444.611242072,61.36732590647395
718.0,-3539.9246487834957,4867444.673402988,60.16680818486114
719.0,-3538.9255682058483,4867444.728158715,59.04876667314108
720.0,-3537.926483519963,4867444.776507825,58.02005457019103
721.0,-3536.927349743971,4867444.8183745565,57.0846141390694
722.0,-3535.9281212083165,4867444.853679623,56.24348837890817
723.0,-3534.9287522434443,4867444.8823437365,55.49374970526128
724.0,-3533.929197179798,4867444.90428761,54.8277637003487
725.0,-3532.9294103478205,4867444.919431954,54.2334588622149
726.0,-3531.929346077955,4867444.92769748,53.69460208434968
727.0,-3530.928958700648,4867444.929004903,53.19267950482427
728.0,-3529.92822545552,4867444.923119081,52.71084058215652
729.0,-3528.927433722037,4867444.9076949665,52.23472359348189
730.0,-3527.927093957101,4867444.878869894,51.752888172624914
731.0,-3526.9277215195043,4867444.832747856,51.25734158242512
732.0,-3525.9298317680377,4867444.765432843,50.7446689661042
733.0,-3524.9339400614926,4867444.673028842,50.21817313084777
734.0,-3523.9405722780125,4867444.551691476,49.68781066598422
735.0,-3522.950614407457,4867444.399343965,49.169453357588175
736.0,-3521.9653938006586,4867444.216075918,48.681923819310164
737.0,-3520.9862647887912,4867444.002109386,48.239364670990675
738.0,-3520.0145817030298,4867443.757666414,47.84923347650277
739.0,-3519.051698874548,4867443.482969048,47.51152772239052
740.0,-3518.098970628439,4867443.1782393465,47.218847725726306
741.0,-3517.157208282213,4867442.844397487,46.95681277717941
742.0,-3516.2251951622147,4867442.484970966,46.70525352845213
743.0,-3515.301241248411,4867442.104095844,46.443495641461794
744.0,-3514.383656520768,4867441.705908183,46.151859803528005
745.0,-3513.470750959253,4867441.294544041,45.81048271737651
746.0,-3512.5608345438327,4867440.874139481,45.39887694409309
747.0,-3511.652322142713,4867440.4486326445,44.896273694972834
748.0,-3510.745412593839,4867440.018595392,44.28245817166715
749.0,-3509.841796759551,4867439.581784195,43.54093427881586
750.0,-3508.9432114161837,4867439.135868888,42.66170843287385
751.0,-3508.0513933400716,4867438.678519305,41.64174604717011
752.0,-3507.1680793075498,4867438.2074052775,40.484838081477164
753.0,-3506.295006094953,4867437.720196643,39.201217759415265
754.0,-3505.4339104786177,4867437.214563234,37.80694778906421
755.0,-3504.586529234877,4867436.688174883,36.32244145530063
756.0,-3503.754594836438,4867436.138707744,34.77032302967145
757.0,-3502.938911821413,4867435.565200445,33.17487429807041
758.0,-3502.1382066866336,4867434.969742789,31.561639310229786
759.0,-3501.3509235596007,4867434.354839167,29.956972205564526
760.0,-3500.575506567822,4867433.72299398,28.386675013608343
761.0,-3499.8103998388,4867433.076711625,26.8745166979087
762.0,-3499.054047500039,4867432.418496498,25.441411031307364
763.0,-3498.3048936790447,4867431.750852999,24.104951942391143
764.0,-3497.5613825033197,4867431.076285523,22.878474425361667
765.0,-3496.8219585650845,4867430.397297962,21.769763550583242
766.0,-3496.0863218851064,4867429.715020189,20.782633892741597
767.0,-3495.3581600474486,4867429.026217867,19.919739845673355
768.0,-3494.6419505298804,4867428.326792152,19.18625626345983
769.0,-3493.942170810171,4867427.612644198,18.595391921383342
770.0,-3493.2632983660897,4867426.879675164,18.17536648880093
771.0,-3492.609810675405,4867426.123786203,17.97451352628388
772.0,-3491.985871259425,4867425.341459632,18.067267822074072
773.0,-3491.3935842276155,4867424.532989887,18.567167510919663
774.0,-3490.834223705058,4867423.700207771,19.646229347656792
775.0,-3490.3090615283727,4867422.844948325,21.5673969168679
776.0,-3489.819369534179,4867421.969046589,24.737047510193143
777.0,-3489.3664195590954,4867421.074337599,29.81234474809619
778.0,-3488.951358189674,4867420.162662782,37.956763255566294
779.0,-3488.5729541997084,4867419.235984822,51.54462069841691
780.0,-3488.227848357389,4867418.296374906,76.65453886535921
781.0,-3487.9126063353197,4867417.345908062,136.1582357250168
782.0,-3487.6237938060976,4867416.386659309,465.5938348759674
783.0,-3487.3579764423216,4867415.420703674,353.54312984140716
784.0,-3487.111722576884,4867414.450113887,125.1709709049368
785.0,-3486.8822329150553,4867413.476417941,71.62810814777163
786.0,-3486.668154232413,4867412.499898147,45.61150843528327
787.0,-3486.4683345357394,4867411.520663471,28.98388083428961
788.0,-3486.2816218318144,4867410.538822881,17.247502380628863
789.0,-3486.1068641274223,4867409.554485348,9.784470782747668
790.0,-3485.9429094293423,4867408.567759835,11.900837150144794
791.0,-3485.7886057443557,4867407.578755311,8.826044500013396
792.0,-3485.6428010792442,4867406.587580743,9.435117119411004
793.0,-3485.5043562968726,4867405.594345382,6.9266576079741435
794.0,-3485.3751332946117,4867404.599224742,3.293571383559382
795.0,-3485.263830333858,4867403.6025452735,6.491076511150064
796.0,-3485.1800928806897,4867402.604654351,2.2864914618871337
797.0,-3485.13356640118,4867401.605899342,1.861372916922085
798.0,-3485.1338963614057,4867400.606627615,4.137985155627069
799.0,-3485.1904381344375,4867399.607291398,8.650172820399352
800.0,-3485.3069079395145,4867398.610381246,14.720241727995104
801.0,-3485.4819032282703,4867397.620237951,21.846814270273587
802.0,-3485.713835742515,4867396.641269436,30.244561843670194
803.0,-3486.001117224059,4867395.677883616,41.01301283252201
804.0,-3486.3421594147117,4867394.734488412,56.69445903340343
805.0,-3486.734909188428,4867393.81492368,83.98781586600848
806.0,-3487.172924302958,4867392.917665877,149.26806572428242
807.0,-3487.647348439713,4867392.038241509,586.3074421346088
808.0,-3488.1493002390885,4867391.172146479,303.18770986907407
809.0,-3488.6698983414794,4867390.314876691,118.12395578170097
810.0,-3489.2002614212543,4867389.461928074,72.08421715222404
811.0,-3489.733721014411,4867388.610162701,51.262262520356344
812.0,-3490.2718090267617,4867387.761505294,39.57104790733106
813.0,-3490.817956496809,4867386.919053034,32.26755500253782
814.0,-3491.375594463058,4867386.085903107,27.434753687684672
815.0,-3491.9481539640096,4867385.265152696,24.14163421074274
816.0,-3492.539066038169,4867384.459898983,21.878131680208725
817.0,-3493.1517617240374,4867383.673239153,20.339689066027333
818.0,-3493.78967206012,4867382.90827039,19.333631017979116
819.0,-3494.45611348595,4867382.168008598,18.732876687748917
820.0,-3495.1516075025165,4867381.45348743,18.4510861512558
821.0,-3495.8737892805,4867380.763693462,18.4279040451206
822.0,-3496.6201611073307,4867380.097519028,18.619484700275617
823.0,-3497.388225270437,4867379.453856458,18.992201583606708
824.0,-3498.1754840572494,4867378.831598084,19.518053634394846
825.0,-3498.979439755196,4867378.229636239,20.170647600584036
826.0,-3499.797775278847,4867377.647157282,20.923530680431853
827.0,-3500.630603685705,4867377.087303366,21.751586655692073
828.0,-3501.4797784739753,4867376.556049749,22.632903561048565
829.0,-3502.3471909920663,4867376.059433298,23.550730754499867
830.0,-3503.2347325883925,4867375.60349088,24.49593378281379
831.0,-3504.144153864139,4867375.193968355,25.467643212562514
832.0,-3505.074273269896,4867374.8305491265,26.472287212942344
833.0,-3506.021137179436,4867374.507185108,27.5236600250355
834.0,-3506.9806832656955,4867374.217603462,28.642811348967182
835.0,-3507.9488492016117,4867373.955531349,29.858157440500445
836.0,-3508.921737883457,4867373.714928498,31.205429274527845
837.0,-3509.897648830842,4867373.492846458,32.72250956467228
838.0,-3510.8764418004357,4867373.288532884,34.445495896082576
839.0,-3511.858009807558,4867373.10128224,36.40743196649471
840.0,-3512.842245867529,4867372.930388988,38.63724588056541
841.0,-3513.82904299567,4867372.775147594,41.15835933120128
842.0,-3514.8182742877157,4867372.634829211,43.989085310556824
843.0,-3515.8096828552966,4867372.508552885,47.15063598440709
844.0,-3516.802959671462,4867372.395376643,50.66992214537063
845.0,-3517.797795569314,4867372.294358359,54.58047489666182
846.0,-3518.793881381952,4867372.204555894,58.92381572064721
847.0,-3519.7909079424785,4867372.125027122,63.75169301031672
848.0,-3520.7885660839943,4867372.054829906,69.12943173300486
849.0,-3521.7865601744284,4867371.9930863585,75.14135230079293
850.0,-3522.784796062839,4867371.939874953,81.90050255319093
851.0,-3523.783334168657,4867371.896007844,89.55416080770213
852.0,-3524.7822388568948,4867371.862315919,98.28784360200795
853.0,-3525.78157447383,4867371.8396299835,108.33768723502818
854.0,-3526.7813416125596,4867371.828490017,120.00791633917382
855.0,-3527.7813346734547,4867371.828495428,133.6956377872921
856.0,-3528.7813064479883,4867371.839055818,149.9266645433735
857.0,-3529.781009727637,4867371.859580792,169.41057658840103
858.0,-3530.780230329112,4867371.889232953,193.17135031947623
859.0,-3531.7790382930903,4867371.925049181,222.79591700390796
860.0,-3532.7776486524617,4867371.962981948,260.869831958379
861.0,-3533.7762775986093,4867371.998975061,311.9042722779886
862.0,-3534.7751148577486,4867372.029524207,384.5721940982215
863.0,-3535.7741842713044,4867372.05458425,497.5374281862098
864.0,-3536.7734455484206,4867372.075447399,698.7976250346929
865.0,-3537.7728582599875,4867372.093408753,1160.2844885974055
866.0,-3538.772381976892,4867372.109763402,3307.6983960273456
867.0,-3539.7719762700253,4867372.125806441,4039.8359035719272
868.0,-3540.7716007102754,4867372.142832965,1267.541393170753
869.0,-3541.7712200800174,4867372.16180427,754.8380551639493
870.0,-3542.770824604323,4867372.182052047,537.7445163796982
871.0,-3543.770412260799,4867372.202411433,416.82884149933574
872.0,-3544.7699810289123,4867372.221717453,339.0509158665697
873.0,-3545.769528888129,4867372.23880512,284.2895764948294
874.0,-3546.7690542569544,4867372.252630314,243.25184040014148
875.0,-3547.768559047498,4867372.263110628,211.08053502263525
876.0,-3548.7680468406706,4867372.27062304,185.07382376853315
877.0,-3549.767521227729,4867372.275547374,163.62209526504046
878.0,-3550.7669857999313,4867372.278263455,145.69048941103003
879.0,-3551.7664475764273,4867372.278833021,130.56944832519858
880.0,-3552.765928582806,4867372.27592529,117.73428578467912
881.0,-3553.765454949984,4867372.267828523,106.77277214850089
882.0,-3554.7650528089807,4867372.25283098,97.35810900356559
883.0,-3555.764725688248,4867372.2292320505,89.23104045732082
884.0,-3556.7642540397433,4867372.195441045,82.18543443150358
885.0,-3557.763291238859,4867372.149929886,76.05734828215945
886.0,-3558.7614891856865,4867372.091171223,70.71517546477143
887.0,-3559.7584997803206,4867372.017637707,66.03565242980059
888.0,-3560.7539749228495,4867371.927801988,61.89704416609938
889.0,-3561.747591914338,4867371.820316155,58.18387056525531
890.0,-3562.73934526198,4867371.696073141,54.7909565738075
891.0,-3563.7294450354752,4867371.557488672,51.632458665745105
892.0,-3564.718105420977,4867371.407007563,48.651568353535914
893.0,-3565.7055406046334,4867371.247074618,45.81255976060742
894.0,-3566.6919647725963,4867371.080134651,43.09260254288563
895.0,-3567.6775921110157,4867370.908632467,40.47747307126855
896.0,-3568.6624407586037,4867370.7338572545,37.9619074184697
897.0,-3569.645456913025,4867370.55077951,35.54919161083772
898.0,-3570.6252222478397,4867370.352221001,33.247354084035564
899.0,-3571.6003181344295,4867370.131001711,31.066369356428723
900.0,-3572.569301976016,4867369.879974512,29.016078845317363
901.0,-3573.5296563950783,4867369.593466966,27.101817223126886
902.0,-3574.4773789556243,4867369.267844256,25.323624699887898
903.0,-3575.4083584992763,4867368.89962074,23.678267666058858
904.0,-3576.3184838676534,4867368.485310782,22.160732706276786
905.0,-3577.2043697625536,4867368.0226197755,20.765531004281005
906.0,-3578.0672131145216,4867367.516771928,19.48826772643047
907.0,-3578.9099940187593,4867366.975917369,18.327573840856545
908.0,-3579.7356965730537,4867366.408212803,17.287226534819787
909.0,-3580.54727702406,4867365.821690405,16.376802951604326
910.0,-3581.3469839344893,4867365.22121832,15.611561399083666
911.0,-3582.13631876239,4867364.608324404,15.012356595768983
912.0,-3582.9167472232793,4867363.984376714,14.606281163342576
913.0,-3583.68973503267,4867363.350743298,14.428312076722158
914.0,-3584.456747906078,4867362.708792213,14.52745272517243
915.0,-3585.219251559021,4867362.059891516,14.981832122550248
916.0,-3585.9779341637177,4867361.404739202,15.919371619099312
917.0,-3586.7257917283705,4867360.737404487,17.554118759766737
918.0,-3587.451430239714,4867360.048173451,20.25518000652394
919.0,-3588.143404421044,4867359.327287996,24.67825319344232
920.0,-3588.790296835756,4867358.565035763,32.10502091305751
921.0,-3589.3838114124587,4867357.756832514,45.531129308909435
922.0,-3589.9215855841394,4867356.907842228,74.4480819485727
923.0,-3590.4019208873465,4867356.024319947,176.3084233801136
924.0,-3590.823118858629,4867355.112520708,664.1204638683048
925.0,-3591.1836919891357,4867354.178656688,117.6522948455409
926.0,-3591.488399307254,4867353.227670821,62.95983595757575
927.0,-3591.7491360918616,4867352.263056013,40.80327903322596
928.0,-3591.97818750876,4867351.2882259535,27.869742337548477
929.0,-3592.1878387237493,4867350.306594326,18.809803870607684
930.0,-3592.389551693774,4867349.321437348,11.964993523631891
931.0,-3592.584015671276,4867348.334232276,7.070263536876076
932.0,-3592.764352373576,4867347.3451926485,4.648104215664498
933.0,-3592.9235265098628,4867346.354505788,8.090669020232026
934.0,-3593.054502789317,4867345.362359007,53.13626669820377
935.0,-3593.1502459211265,4867344.368939629,17.636533418763094
936.0,-3593.2037206144737,4867343.37443497,46.076503397320714
937.0,-3593.208216978888,4867342.379047801,36.23911153845638
938.0,-3593.1634649799275,4867341.383286665,39.30766790151078
939.0,-3593.0751026959438,4867340.387940635,5.031634478996404
940.0,-3592.9489870093253,4867339.39380917,4.114530517135254
941.0,-3592.790974802459,4867338.401691732,6.7222190887856
942.0,-3592.6069229577333,4867337.412387778,11.384981113819183
943.0,-3592.4026399639524,4867336.426707792,17.725826380533245
944.0,-3592.1785892553207,4867335.446679454,25.97441188998525
945.0,-3591.9251172461054,4867334.4766343385,37.48090805049159
946.0,-3591.6314439686194,4867333.521160525,56.36634130118462
947.0,-3591.2867894551737,4867332.584846094,98.61933037930191
948.0,-3590.881688931283,4867331.672031531,332.89411786757523
949.0,-3590.4172547148182,4867330.785066123,235.4054484289109
950.0,-3589.8996972303366,4867329.92533941,83.26186365931338
951.0,-3589.33525968432,4867329.094234759,48.85793186621057
952.0,-3588.730166470265,4867328.293112584,33.86425360831715
953.0,-3588.089663696803,4867327.522139629,25.767600582890907
954.0,-3587.417561862327,4867326.7797309635,20.96278479777986
955.0,-3586.7175569482097,4867326.064161927,17.9907269520085
956.0,-3585.9933449358177,4867325.373707859,16.136201593434212
957.0,-3585.248579102668,4867324.706624827,15.011135452907268
958.0,-3584.486076267341,4867324.060791491,14.395105205636789
959.0,-3583.707890536409,4867323.4337423565,14.15838045203629
960.0,-3582.9160481013705,4867322.822999341,14.223317389412058
961.0,-3582.112575153728,4867322.226084366,14.542944052632029
962.0,-3581.29949788498,4867321.6405193405,15.084808420270543
963.0,-3580.4788402712857,4867321.063830446,15.823575592618852
964.0,-3579.6506847498895,4867320.497279546,16.739258919652684
965.0,-3578.809615675612,4867319.952707271,17.81629028476788
966.0,-3577.9492509306674,4867319.443813827,19.043214559195278
967.0,-3577.063209544196,4867318.984297614,20.412941851252924
968.0,-3576.14778707282,4867318.583642041,21.923369339985825
969.0,-3575.2076763918635,4867318.238106446,23.57726523127863
970.0,-3574.249212872828,4867317.941363564,25.380690767514594
971.0,-3573.278731872168,4867317.68708612,27.34155012647282
972.0,-3572.3016868812488,4867317.468401222,29.468133314568774
973.0,-3571.3202725549077,4867317.276419705,31.76733865396823
974.0,-3570.335930952673,4867317.10178677,34.24240000115863
975.0,-3569.3501041297873,4867316.935147642,36.89297390571544
976.0,-3568.363923072036,4867316.769274842,39.72028561445264
977.0,-3567.3773628309937,4867316.604845896,42.730713376217196
978.0,-3566.390130013188,4867316.444374127,45.94111633104128
979.0,-3565.40193122515,4867316.290372867,49.38502581625966
980.0,-3564.4124730734075,4867316.14535544,53.1096958011139
981.0,-3563.421462164488,4867316.011835168,57.17412917338418
982.0,-3562.428639421103,4867315.892140119,61.649253326453625
983.0,-3561.434090272985,4867315.786738488,66.61902974460588
984.0,-3560.438099034554,4867315.695024756,72.18182196867407
985.0,-3559.440952426932,4867315.61638042,78.45203254421116
986.0,-3558.4429371712426,4867315.550186972,85.5667865879712
987.0,-3557.4443233898987,4867315.495729447,93.69314198976112
988.0,-3556.4452660477345,4867315.451623681,103.03651291600647
989.0,-3555.44587129708,4867315.416201856,113.85014932666333
990.0,-3554.446245114059,4867315.38779513,126.4400462331282
991.0,-3553.4464875451895,4867315.364815468,141.16800080396348
992.0,-3552.446648555941,4867315.346357352,158.44659843369737
993.0,-3551.446752959211,4867315.331858046,178.71375078078543
994.0,-3550.446825378217,4867315.320757405,202.36401655532737
995.0,-3549.4468889169484,4867315.312469116,229.66106275965288
996.0,-3548.4469529708363,4867315.306170818,260.7849949016477
997.0,-3547.447019665569,4867315.300914973,295.92103724694755
998.0,-3546.4470910601513,4867315.295752887,335.50999173369814
999.0,-3545.4471692135903,4867315.289735871,380.65598969425616
1000.0,-3544.4472561339376,4867315.281931546,433.2496001278388
1001.0,-3543.4473517216675,4867315.272082026,496.32390591362304
1002.0,-3542.447453063783,4867315.260829845,574.8199620175506
1003.0,-3541.4475570514505,4867315.248880201,677.0269282924818
1004.0,-3540.4476605758405,4867315.236938302,817.4084381962754
1005.0,-3539.447760528119,4867315.22570935,1023.1476524805958
1006.0,-3538.447853805267,4867315.215897941,1351.0553484589784
1007.0,-3537.4479436268707,4867315.207545553,1942.2285501472813
1008.0,-3536.448051589135,4867315.1987663545,3283.3750681848214
1009.0,-3535.4482026082806,4867315.187326305,8965.132963296815
1010.0,-3534.4484216000137,4867315.170991402,15937.352353764838
1011.0,-3533.4487216687266,4867315.148508714,4592.1914379247355
1012.0,-3532.4490735549693,4867315.122144075,2825.522218279411
1013.0,-3531.449438504926,4867315.094951938,2116.011500004686
1014.0,-3530.4497777647844,4867315.069986753,1737.2000637578228
1015.0,-3529.450062911565,4867315.049480425,1503.959511744305
1016.0,-3528.4503087501434,4867315.0322230505,1347.872514706528
1017.0,-3527.450541390224,4867315.016104634,1237.8940805752175
1018.0,-3526.4507869385616,4867314.999015404,1158.0235322593255
1019.0,-3525.4510637489275,4867314.9794452,1099.508968467166
1020.0,-3524.451365626436,4867314.957782433,1057.5123794037133
1021.0,-3523.451681528957,4867314.934790397,1029.2969526313946
1022.0,-3522.452000414358,4867314.911232384,1011.6036832776772
1023.0,-3521.452311240508,4867314.887871685,999.591373801883
1024.0,-3520.4526029652743,4867314.865471594,986.8167440328855
1025.0,-3519.4528691462456,4867314.844594073,965.5798044446047
1026.0,-3518.453139183919,4867314.824232242,931.5247328366272
1027.0,-3517.453459296486,4867314.80264311,890.3794852630984
1028.0,-3516.453875798999,4867314.778079447,854.3570509008589
1029.0,-3515.4544334153406,4867314.748852523,838.5961128099302
1030.0,-3514.455139977944,4867314.714629959,862.9188873291349
1031.0,-3513.455966263447,4867314.676441766,952.8034723187353
1032.0,-3512.456881424454,4867314.635377669,1152.2396171683167
1033.0,-3511.4578546932003,4867314.592526124,1565.3214613088892
1034.0,-3510.458870225406,4867314.54873891,2547.420229646697
1035.0,-3509.4599445582003,4867314.504354253,6828.643239140845
1036.0,-3508.4610984717665,4867314.459643084,10534.382880053874
1037.0,-3507.462352746289,4867314.414876334,2950.052314233904
1038.0,-3506.463720905762,4867314.370237989,1655.1173829453205
1039.0,-3505.465169340106,4867314.325347264,1100.1575128551497
1040.0,-3504.466645611482,4867314.279597774,802.428118835836
1041.0,-3503.468097232701,4867314.232382538,631.8716943169209
1042.0,-3502.46947171658,4867314.183094585,532.5617762624476
1043.0,-3501.4707165759296,4867314.131126936,475.1650335660592
1044.0,-3500.4717815980493,4867314.075895667,444.5852835694189
1045.0,-3499.47270965508,4867314.017760277,432.82904395962976
1046.0,-3498.473667309365,4867313.958333876,435.35933107144
1047.0,-3497.4748296742787,4867313.899316241,450.22082707936664
1048.0,-3496.4763718631984,4867313.842407149,477.9223589454182
1049.0,-3495.4784689895014,4867313.789306376,521.4498064178111
1050.0,-3494.481296166563,4867313.741713701,587.594019157513
1051.0,-3493.4849389357787,4867313.7004122315,691.0034080445854
1052.0,-3492.4887391010466,4867313.658573793,865.4195533734521
1053.0,-3491.4916702109995,4867313.605601547,1206.4984182028597
1054.0,-3490.4927031830275,4867313.530871725,2131.2347668078737
1055.0,-3489.490817594579,4867313.423853597,12720.953234806588
1056.0,-3488.486417625195,4867313.289321441,2932.411959298177
1057.0,-3487.4829043743725,4867313.164246513,1269.9735817686924
1058.0,-3486.4840577210934,4867313.089669427,795.0109838732094
1059.0,-3485.4936575443435,4867313.106630802,571.7481295949799
1060.0,-3484.5151012122988,4867313.252447454,443.0420653838847
1061.0,-3483.544972269886,4867313.498102604,359.9633321783415
1062.0,-3482.5739886098536,4867313.757476466,302.31252538174834
1063.0,-3481.592892055239,4867313.944517028,260.2449599647919
1064.0,-3480.599053700223,4867314.032626886,228.39735946467633
1065.0,-3479.5975631776764,4867314.064432355,203.60230766111263
1066.0,-3478.5939450269275,4867314.0864602,183.8612678889576
1067.0,-3477.593723787305,4867314.145237193,167.85088050356057
1068.0,-3476.6024133243764,4867314.287162293,154.66255210340114
1069.0,-3475.622083084848,4867314.517390321,143.65367934791377
1070.0,-3474.6464353311826,4867314.74088584,134.36313035270283
1071.0,-3473.6680559209353,4867314.849710289,126.46426782319134
1072.0,-3472.6838297593977,4867314.802822922,119.72323228618644
1073.0,-3471.6958324447683,4867314.639955752,113.96933044221467
1074.0,-3470.7064495126183,4867314.405663755,109.07630102326166
1075.0,-3469.718066498522,4867314.144501905,104.94961620354105
1076.0,-3468.7329362889445,4867313.898916156,101.51304741124498
1077.0,-3467.751456183849,4867313.681850062,98.70104295429574
1078.0,-3466.7726583898757,4867313.48454323,96.45712560775134
1079.0,-3465.7955434702735,4867313.297732166,94.73251471806073
1080.0,-3464.8191119882945,4867313.112153378,93.48475923007346
1081.0,-3463.842482782175,4867312.919387297,92.6764828875857
1082.0,-3462.865641890247,4867312.717202097,92.27712478043706
1083.0,-3461.88896133877,4867312.506120087,92.27763284145523
1084.0,-3460.912814917717,4867312.286676169,92.69691229822968
1085.0,-3459.937576417058,4867312.05940524,93.58327703850406
1086.0,-3458.9636196267643,4867311.824842199,95.01926800257648
1087.0,-3457.991318336807,4867311.583521944,97.10040012905908
1088.0,-3457.021045021777,4867311.33597893,99.87633027408057
1089.0,-3456.0529839944975,4867311.082684639,103.33116305277153
1090.0,-3455.086937389039,4867310.823982633,107.34659372281524
1091.0,-3454.1226609993146,4867310.560200958,111.65130033048989
1092.0,-3453.1599106192384,4867310.291667665,115.93339931805633
1093.0,-3452.1984420427225,4867310.018710805,120.01473345231747
1094.0,-3451.2380110636823,4867309.74165843,123.93814971220607
1095.0,-3450.2785029018655,4867309.4605512,127.87049917582894
1096.0,-3449.3204576446924,4867309.1739756595,131.89480201837335
1097.0,-3448.364622015312,4867308.880059526,135.95161266992488
1098.0,-3447.4117428154614,4867308.576930338,139.7841520174931
1099.0,-3446.462566846877,4867308.262715636,142.88711116129437
1100.0,-3445.51768207943,4867307.935993085,144.6725817921105
1101.0,-3444.576911354012,4867307.597508706,144.97579839274778
1102.0,-3443.639847410543,4867307.248660621,144.19484044079084
1103.0,-3442.7060829434768,4867306.8908470785,142.97564411444804
1104.0,-3441.7752106472644,4867306.52546633,141.8146072968122
1105.0,-3440.846871264301,4867306.15377004,141.01194571600269
1106.0,-3439.9210152610794,4867305.776064971,140.68095510712178
1107.0,-3438.997715962424,4867305.392283073,140.77298578525992
1108.0,-3438.0770470023836,4867305.002355354,141.18898088210946
1109.0,-3437.159082015011,4867304.606212816,141.8545462525874
1110.0,-3436.243894634355,4867304.203786466,142.72000609845452
1111.0,-3435.3315448195194,4867303.7950345725,143.76060518799278
1112.0,-3434.421893593107,4867303.380311993,144.97548495039752
1113.0,-3433.5146516906284,4867302.960273193,146.3702054089258
1114.0,-3432.6095261430405,4867302.535580024,147.94863449927934
1115.0,-3431.7062239812976,4867302.106894338,149.71291898701722
1116.0,-3430.804452236356,4867301.674877984,151.6634106200631
1117.0,-3429.9039179391702,4867301.240192814,153.7985067715873
1118.0,-3429.0043281206968,4867300.803500677,156.1145224763949
1119.0,-3428.1054653273904,4867300.365311188,158.60560130492476
1120.0,-3427.207870802181,4867299.924604445,161.26339162193796
1121.0,-3426.3125240469694,4867299.479477022,164.0766524770068
1122.0,-3425.420409876798,4867299.028014786,167.03062793240878
1123.0,-3424.5325131067084,4867298.568303603,170.1077249127375
1124.0,-3423.6497562215645,4867298.098577429,173.29023089286946
1125.0,-3422.772503618226,4867297.618396188,176.5601530735705
1126.0,-3421.9008255949634,4867297.128018563,179.90032344479272
1127.0,-3421.0347898108953,4867296.6277095005,183.30354078134243
1128.0,-3420.1744639251406,4867296.11773395,186.77648513928497
1129.0,-3419.3198529643305,4867295.598439527,190.33884583473693
1130.0,-3418.4702155298987,4867295.071159029,194.02557149588833
1131.0,-3417.624319813161,4867294.537872539,197.88702332165747
1132.0,-3416.7809254251733,4867294.000571454,201.97582620484044
1133.0,-3415.9387919769906,4867293.461247178,206.34182231488003
1134.0,-3415.0967621325026,4867292.921758824,211.03100734676252
1135.0,-3414.254593259473,4867292.382508555,216.08230763416944
1136.0,-3413.412609604491,4867291.842995603,221.5170761397158
1137.0,-3412.5711438703074,4867291.302705727,227.3414958158664
1138.0,-3411.730528759673,4867290.761124689,233.54825222195922
1139.0,-3410.891096975336,4867290.217738249,240.1149851158643
1140.0,-3410.053181220048,4867289.672032172,247.00309062071472
1141.0,-3409.217114196559,4867289.123492217,254.17031687934508
1142.0,-3408.3831998512005,4867288.571652599,261.5842668395924
1143.0,-3407.5515507551477,4867288.016369999,269.2188458680546
1144.0,-3406.7222013348032,4867287.457632772,277.0495815882175
1145.0,-3405.8951857848424,4867286.895429664,285.0515528540035
1146.0,-3405.0705382999377,4867286.3297494175,293.1915299326974
1147.0,-3404.24829300633,4867285.760580867,301.4168573597493
1148.0,-3403.428475077143,4867285.18792406,309.64876610062345
1149.0,-3402.6110919232,4867284.611801316,317.77510969630123
1150.0,-3401.79614886136,4867284.032237574,325.64635475146616
1151.0,-3400.983651208483,4867283.44925778,333.1081540804934
1152.0,-3400.173603970466,4867282.862887276,340.0332921209817
1153.0,-3399.3659244277396,4867282.273265592,346.34049825175623
1154.0,-3398.560322157337,4867281.680802596,352.013376952138
1155.0,-3397.7564766776463,4867281.08594728,357.1131006745469
1156.0,-3396.954067507056,4867280.489148635,361.7519790458477
1157.0,-3396.1527741847444,4867279.890855632,366.07452882337014
1158.0,-3395.3523316651817,4867279.291438176,370.2528807988914
1159.0,-3394.552650723773,4867278.691015393,374.4810052773628
1160.0,-3393.753676925094,4867278.089656771,378.9710814843871
1161.0,-3392.955355833725,4867277.487431806,383.9177419639112
1162.0,-3392.1576330142457,4867276.884409987,389.4699198911378
1163.0,-3391.360454031231,4867276.28066081,395.72238182575853
1164.0,-3390.5637644492626,4867275.676253768,402.7040847027975
1165.0,-3389.76758489337,4867275.0711631095,410.36614060240845
1166.0,-3388.9723131209284,4867274.464884563,418.6216318081003
1167.0,-3388.1784650776585,4867273.856763894,427.375512857662
1168.0,-3387.386556750604,4867273.246146811,436.5250560447828
1169.0,-3386.5971041268103,4867272.632379026,445.9611300379006
1170.0,-3385.8106007340193,4867272.014835352,455.570384967129
1171.0,-3385.0271003750377,4867271.393460346,465.23100133128656
1172.0,-3384.2462560021027,4867270.768717955,474.81214395178824
1173.0,-3383.467705903901,4867270.141091112,484.1782273688715
1174.0,-3382.6910883691207,4867269.51106276,493.17725079822463
1175.0,-3381.9160451164735,4867268.879111113,501.64085895441326
1176.0,-3381.142336438064,4867268.24555097,509.43571229563366
1177.0,-3380.369868619431,4867267.610495928,516.5021037735013
1178.0,-3379.5985569346453,4867266.974047201,522.859794474582
1179.0,-3378.8283166577735,4867266.336305992,528.6094119253878
1180.0,-3378.0590634343757,4867265.697373107,533.9232227969784
1181.0,-3377.290726408665,4867265.057334426,539.0007633009709
1182.0,-3376.523251733256,4867264.416257039,544.0511678832004
1183.0,-3375.7565866459813,4867263.774206833,549.292771866922
1184.0,-3374.9906783846686,4867263.131249697,554.9445739558364
1185.0,-3374.22547418715,4867262.487451524,561.2036739951985
1186.0,-3373.4609212912537,4867261.842878198,568.2397995180003
1187.0,-3372.6969671607612,4867261.197595339,576.190216605019
1188.0,-3371.9335886923986,4867260.551633265,585.1271221094142
1189.0,-3371.1708211078476,4867259.904952334,595.0364522904978
1190.0,-3370.4087064949945,4867259.257504675,605.8306653411438
1191.0,-3369.647286941728,4867258.609242412,617.3439000040429
1192.0,-3368.886604535935,4867257.960117671,629.3342592195957
1193.0,-3368.126701365505,4867257.310082581,641.5191155952798
1194.0,-3367.367619518323,4867256.6590892635,653.5776598553205
1195.0,-3366.6094025304224,4867256.007088288,665.1462346753514
1196.0,-3365.8521085641046,4867255.354014472,675.8302643339374
1197.0,-3365.0958042652446,4867254.699793493,685.2913121712811
1198.0,-3364.3405563838783,4867254.044350923,693.3258224746241
1199.0,-3363.586431670035,4867253.387612327,699.8990957263113
1200.0,-3362.833504283553,4867252.7294955,705.1667263648347
1201.0,-3362.081942915406,4867252.069818981,709.4813780988754
1202.0,-3361.3319814813203,4867251.408332838,713.2846952391006
1203.0,-3360.5838551913475,4867250.744785776,716.970581394221
1204.0,-3359.837799255537,4867250.078926504,720.8656460974425
1205.0,-3359.0940147489773,4867249.41054121,725.222311356707
1206.0,-3358.352286163362,4867248.739873546,730.2142605002128
1207.0,-3357.6121195342257,4867248.067472939,735.9564533477792
1208.0,-3356.873015800602,4867247.393894411,742.5337997637323
1209.0,-3356.134475901529,4867246.719692987,750.0060923296236
1210.0,-3355.396055341977,4867246.045362859,758.4353597078737
1211.0,-3354.657637706662,4867245.3710324755,767.9010554529866
1212.0,-3353.9192286195785,4867244.696694235,778.501581421323
1213.0,-3353.180833909231,4867244.022340306,790.3571906928556
1214.0,-3352.442459404129,4867243.347962862,803.6105693571933
1215.0,-3351.704110932779,4867242.673554069,818.4275965848603
1216.0,-3350.9657943236875,4867241.999106101,834.9773500531986
1217.0,-3350.2275300616466,4867241.324595347,853.3734515861563
1218.0,-3349.4895297546477,4867240.649792479,873.6559907261709
1219.0,-3348.7521389388653,4867239.974323998,895.7858145507403
1220.0,-3348.0157059123485,4867239.297813435,919.6460266076064
1221.0,-3347.2805789575445,4867238.619884339,945.0737284271272
1222.0,-3346.547027117335,4867237.940247694,971.9274869814807
1223.0,-3345.815055884907,4867237.258905287,1000.0963592546359
1224.0,-3345.0846160302367,4867236.575919294,1029.5046705144575
1225.0,-3344.355658323296,4867235.891351882,1060.1174471856336
1226.0,-3343.6281333012626,4867235.205265466,1091.886839124911
1227.0,-3342.9019265168895,4867234.517788413,1124.676025334532
1228.0,-3342.176769982171,4867233.829204949,1158.2473164820692
1229.0,-3341.4523735405423,4867233.139821801,1192.2537507889517
1230.0,-3340.728447035438,4867232.449945698,1226.234046036186
1231.0,-3340.0047012159694,4867231.759882411,1259.6333161138036
1232.0,-3339.2809634245805,4867231.069814751,1291.9877588231532
1233.0,-3338.5572913149285,4867230.379682642,1323.072328291978
1234.0,-3337.8337695501355,4867229.689397523,1352.979295024361
1235.0,-3337.110482793326,4867228.998870833,1382.1948281112032
1236.0,-3336.38751570762,4867228.308014008,1411.6510060203175
1237.0,-3335.664952956141,4867227.616738487,1442.485096797714
1238.0,-3334.9428792020126,4867226.924955711,1475.8200174720193
1239.0,-3334.221367488193,4867226.232589144,1512.6109927266173
1240.0,-3333.500372744604,4867225.539684525,1553.418951249006
1241.0,-3332.77978105319,4867224.846358858,1598.3116686877413
1242.0,-3332.059477637778,4867224.15273004,1647.0153744243553
1243.0,-3331.3393477221957,4867223.458915966,1699.015393690263
1244.0,-3330.6192765302694,4867222.7650345275,1754.3319611984973
1245.0,-3329.899149432448,4867222.071203474,1814.1305322047099
1246.0,-3329.1789279364907,4867221.377463505,1880.9902063167526
1247.0,-3328.4587740147235,4867220.683652466,1959.2956201683724
1248.0,-3327.738882242128,4867219.989575211,2055.350942255161
1249.0,-3327.019447193693,4867219.295036596,2175.804346131807
1250.0,-3326.3006615932804,4867218.599843314,2327.4658021503838
1251.0,-3325.5825880990205,4867217.9039314,2517.505935498239
1252.0,-3324.8650760103756,4867217.207449058,2753.370288109394
1253.0,-3324.147954826991,4867216.510564186,3044.172654859135
1254.0,-3323.4310540485135,4867215.813444677,3404.007658997874
1255.0,-3322.714207094756,4867215.11625454,3855.3569936646036
1256.0,-3321.997385464479,4867214.419020962,4435.7533643381075
1257.0,-3321.2807321564064,4867213.721601189,5212.078688777467
1258.0,-3320.564400872231,4867213.023841863,6313.743930982719
1259.0,-3319.848545313641,4867212.325589618,8021.280769423655
1260.0,-3319.133319182331,4867211.626691099,11061.850657067462
1261.0,-3318.418850397037,4867210.927019089,17999.426615875054
1262.0,-3317.7050873424423,4867210.226628441,48926.83526970766
1263.0,-3316.9919020534167,4867209.525651433,69497.05226574781
1264.0,-3316.2791662846275,4867208.82422062,20746.672234726404
1265.0,-3315.5667517907423,4867208.122468567,12475.152316074855
1266.0,-3314.854530326429,4867207.420527835,9125.23654668061
1267.0,-3314.142373646354,4867206.718530981,7345.2136490825105
1268.0,-3313.43015573064,4867206.016608206,6257.385407520764
1269.0,-3312.717861020774,4867205.314772423,5528.858656588539
1270.0,-3312.005633083351,4867204.612867604,5004.479390874961
1271.0,-3311.29362785153,4867203.910724584,4607.57216942293
1272.0,-3310.582001258473,4867203.208174202,4299.044265910254
1273.0,-3309.8708347844286,4867202.505125358,4058.467318355973
1274.0,-3309.1594909601536,4867201.802240769,3875.795515147215
1275.0,-3308.446929749301,4867201.100605234,3746.6941498911783
1276.0,-3307.732106690105,4867200.401308197,3668.638069251701
1277.0,-3307.0139773207948,4867199.705439099,3640.6381923681074
1278.0,-3306.291857304396,4867199.013712492,3662.8731047192364
1279.0,-3305.5666847033594,4867198.325153988,3736.928371355797
1280.0,-3304.839854254639,4867197.638313796,3865.9071039462174
1281.0,-3304.1127607204394,4867196.951742105,4054.3165815415114
1282.0,-3303.386784672896,4867196.264003855,4310.170002124475
1283.0,-3302.662595966582,4867195.574403057,4648.983499268359
1284.0,-3301.939836918627,4867194.883312256,5098.199709570416
1285.0,-3301.218069580286,4867194.191187464,5706.400308017033
1286.0,-3300.496856002812,4867193.498484691,6564.031285080625
1287.0,-3299.775758237461,4867192.805659948,7852.457377758726
1288.0,-3299.054338335489,4867192.113169251,9985.293538327496
1289.0,-3298.332158396672,4867191.421468555,14140.748104016957
1290.0,-3297.6089886132936,4867190.730797729,25452.762349954333
1291.0,-3296.885283502052,4867190.040685999,157186.93358901053
1292.0,-3296.1616380433197,4867189.350516721,36616.8928695296
1293.0,-3295.438647217471,4867188.659673254,16443.996960464487
1294.0,-3294.716906004881,4867187.967538957,10718.953751394354
1295.0,-3293.9969628441713,4867187.27354528,8046.477374910847
1296.0,-3293.278647934333,4867186.577865871,6506.765789685906
1297.0,-3292.561227186249,4867185.881257463,5500.691922648097
1298.0,-3291.8439513221633,4867185.1844925,4780.195580232742
1299.0,-3291.1260710643146,4867184.488343419,4229.84942320251
1300.0,-3290.406984858329,4867183.793430752,3794.549189629748
1301.0,-3289.686970971229,4867183.099470303,3446.2595117995666
1302.0,-3288.966632065724,4867182.405844304,3169.734237268683
1303.0,-3288.2465713157662,4867181.711934453,2955.6443929843613
1304.0,-3287.5273918106514,4867181.017122538,2796.0632450378766
1305.0,-3286.809502763667,4867180.320988904,2682.944405478971
1306.0,-3286.0927061151588,4867179.62373583,2608.033386248717
1307.0,-3285.3766852238177,4867178.925687047,2562.856237981076
1308.0,-3284.6611234483316,4867178.227166274,2537.9062166188974
1309.0,-3283.9457041473906,4867177.528497239,2522.3455802769427
1310.0,-3283.230110679684,4867176.830003667,2507.2025793071707
1311.0,-3282.514043787523,4867176.1319915205,2487.3579523900876
1312.0,-3281.7974854135696,4867175.434479419,2461.8759475965608
1313.0,-3281.080645289401,4867174.737253224,2433.8748837003454
1314.0,-3280.3637396991217,4867174.040092095,2408.661197831932
1315.0,-3279.646984926835,4867173.3427752,2390.9092277917716
1316.0,-3278.9305972566463,4867172.645081697,2383.886558445981
1317.0,-3278.2147929726593,4867171.946790751,2389.6619139574063
1318.0,-3277.499788180097,4867171.247681708,2409.3020688047077
1319.0,-3276.7856415637716,4867170.547694472,2442.899419641763
1320.0,-3276.0719657919462,4867169.847223857,2489.3852556616243
1321.0,-3275.3582950876307,4867169.14674469,2546.6165809149497
1322.0,-3274.6441636738314,4867168.446731793,2612.678700146877
1323.0,-3273.9291104567415,4867167.747655235,2686.3285681202565
1324.0,-3273.213135593777,4867167.049516577,2767.3384706715105
1325.0,-3272.4970833154644,4867166.351460037,2857.3270669653693
1326.0,-3271.781887979292,4867165.652538281,2960.7155170519527
1327.0,-3271.068483942754,4867164.951803982,3083.4224256468715
1328.0,-3270.3577630095474,4867164.248352992,3231.300469854653
1329.0,-3269.6496748383297,4867163.542237173,3409.7143864376453
1330.0,-3268.9432468341847,4867162.834444213,3622.610153461228
1331.0,-3268.2374678272613,4867162.126000951,3871.3250388799765
1332.0,-3267.5313267344595,4867161.417934128,4156.796223287871
1333.0,-3266.824085601609,4867160.710992643,4480.852962243728
1334.0,-3266.1158846317458,4867160.005032033,4847.506178765359
1335.0,-3265.4070401676813,4867159.299728666,5265.6630232855705
1336.0,-3264.697868552223,4867158.594758899,5751.855086996414
1337.0,-3263.9886861281816,4867157.889799092,6328.006823458349
1338.0,-3263.2798092383664,4867157.184525604,7021.247169680951
1339.0,-3262.571554225585,4867156.478614796,7866.440498520487
1340.0,-3261.8641256143883,4867155.771857329,8911.857858569248
1341.0,-3261.1572420541065,4867155.064540531,10223.88183693109
1342.0,-3260.450490256132,4867154.357086598,11891.654265642517
1343.0,-3259.7434569293036,4867153.649917726,14047.715082962433
1344.0,-3259.035730605762,4867152.943454248,16930.605971746685
1345.0,-3258.3270809885835,4867152.237930746,21047.278005945565
1346.0,-3257.617610199436,4867151.533241002,27682.130995418087
1347.0,-3256.907455972315,4867150.82924228,41126.30629662251
1348.0,-3256.1967560412163,4867150.125791848,88193.8411694759
1349.0,-3255.4856481908623,4867149.4227469815,287472.0849839577
1350.0,-3254.7742721467794,4867148.719965198,48713.72492472207
1351.0,-3254.0627701377844,4867148.017304334,25144.06065972611
1352.0,-3253.351284558207,4867147.314622246,16468.770226488232
1353.0,-3252.6399578023743,4867146.611776788,12124.02131152239
1354.0,-3251.928926187899,4867145.908631926,9618.294339460948
1355.0,-3251.2182191883057,4867145.205158998,8051.199439221894
1356.0,-3250.507775041601,4867144.501421034,7010.499215863738
1357.0,-3249.7975290552126,4867143.797484008,6280.404420012018
1358.0,-3249.0874165365676,4867143.093413894,5733.655518778355
1359.0,-3248.377372793093,4867142.389276669,5286.228371208802
1360.0,-3247.667333132214,4867141.685138305,4886.7083509665845
1361.0,-3246.9572341248677,4867140.981063487,4514.493647349849
1362.0,-3246.2470773696364,4867140.277050513,4168.239791783127
1363.0,-3245.5369595031907,4867139.573000643,3855.4989715385964
1364.0,-3244.826984700049,4867138.868807453,3585.1825645427466
1365.0,-3244.117257134725,4867138.164364509,3360.7078802620663
1366.0,-3243.4078809817383,4867137.459565383,3180.3855198942942
1367.0,-3242.6989604156033,4867136.754303647,3040.3492545850895
1368.0,-3241.9905971757034,4867136.048475351,2936.151356960091
1369.0,-3241.282764965048,4867135.342107157,2863.3914159465926
1370.0,-3240.575248777775,4867134.635418218,2817.6752971053975
1371.0,-3239.8678184631235,4867133.92864314,2794.624219185362
1372.0,-3239.160243870335,4867133.222016523,2791.008223510498
1373.0,-3238.452291133415,4867132.515776736,2804.8528699027283
1374.0,-3237.7436302442593,4867131.810259538,2835.4521306170086
1375.0,-3237.0338287086606,4867131.105904511,2884.5657974143974
1376.0,-3236.322449046755,4867130.403156286,2956.955914188516
1377.0,-3235.6090537786768,4867129.702459493,3060.1662642062233
1378.0,-3234.8932524154925,4867129.00421091,3205.816140493368
1379.0,-3234.17529124529,4867128.30815885,3412.3418893992757
1380.0,-3233.455874887706,4867127.613584882,3710.6536667143646
1381.0,-3232.735718050114,4867126.919760303,4156.836387459329
1382.0,-3232.0155354398826,4867126.225956408,4862.064680524721
1383.0,-3231.295978045208,4867125.531509729,6079.320435233824
1384.0,-3230.5770866474127,4867124.836381512,8547.403260782883
1385.0,-3229.8585625939254,4867124.140880506,15761.915210410833
1386.0,-3229.14010357917,4867123.445319201,230046.25045254815
1387.0,-3228.421407297569,4867122.75001009,16774.679087400797
1388.0,-3227.7021714435446,4867122.0552656595,7797.100924587019
1389.0,-3226.982093711521,4867121.361398404,4935.496489342209
1390.0,-3226.2609210201113,4867120.668669629,3509.4341014554034
1391.0,-3225.5389554574995,4867119.976763389,2641.045855437399
1392.0,-3224.8168493472353,4867119.284999566,2049.170548458791
1393.0,-3224.0952605036127,4867118.592692336,1620.5744572013753
1394.0,-3223.374843382999,4867117.899159418,1300.2748789320208
1395.0,-3222.655983236247,4867117.204002731,1056.47818117186
1396.0,-3221.93860359081,4867116.5073116245,868.5494031016373
1397.0,-3221.2225825636738,4867115.809223387,722.1180948160552
1398.0,-3220.507798271822,4867115.109875312,606.7052447212193
1399.0,-3219.79412663973,4867114.409406478,514.6650497260442
1400.0,-3219.081386349945,4867113.708002576,440.4096433206124
1401.0,-3218.3693347801764,4867113.005899241,379.82672337377306
1402.0,-3217.6577263018376,4867112.303334548,329.8704654758126
1403.0,-3216.9463152863464,4867111.600546575,288.28444350686294
1404.0,-3216.2348960411437,4867110.897735108,253.41929437277372
1405.0,-3215.523656821518,4867110.194722213,224.03558532664152
1406.0,-3214.813010206895,4867109.491114873,199.17568988514387
1407.0,-3214.1033713777183,4867108.786517576,178.08669269323482
1408.0,-3213.3951555144354,4867108.08053481,160.16987404311084
1409.0,-3212.6887777974935,4867107.372771064,144.94618052194437
1410.0,-3211.9846534073367,4867106.662830826,132.02592009293278
1411.0,-3211.2831928761766,4867105.950322794,121.04168245641321
1412.0,-3210.5844804764515,4867105.2351511605,111.638641388955
1413.0,-3209.8880654809736,4867104.517704669,103.49026486060791
1414.0,-3209.193447537984,4867103.798417005,96.30462601431323
1415.0,-3208.500126295722,4867103.077721858,89.83078674578042
1416.0,-3207.807601402428,4867102.356052915,83.86718458188177
1417.0,-3207.115439062214,4867101.633787051,78.2589004572229
1418.0,-3206.425099755302,4867100.909684182,72.89522361249311
1419.0,-3205.740165317304,4867100.180693426,67.70966155232465
1420.0,-3205.06432973813,4867099.443668167,62.69759106655971
1421.0,-3204.4012870076913,4867098.695461791,57.91247935333865
1422.0,-3203.754309611411,4867097.933320221,53.427493375708124
1423.0,-3203.123597772938,4867097.157350529,49.30821250623259
1424.0,-3202.507991336272,4867096.368926682,45.597186127022496
1425.0,-3201.9063240767,4867095.5694283005,42.30862658712491
1426.0,-3201.3174297835567,4867094.760234996,39.439421484520764
1427.0,-3200.7404965073742,4867093.942447497,36.980992769395556
1428.0,-3200.1759871259883,4867093.116162976,34.92707441054989
1429.0,-3199.6246511739037,4867092.281252948,33.27979806707774
1430.0,-3199.087238185624,4867091.437588924,32.05569078619094
1431.0,-3198.5644976956546,4867090.585042415,31.29355382060289
1432.0,-3198.0571789849932,4867089.723485059,31.06901363912176
1433.0,-3197.565460030086,4867088.853063982,31.51734592497355
1434.0,-3197.0877318362222,4867087.974788027,32.871794685260525
1435.0,-3196.6220369728762,4867087.089834055,35.535806813910334
1436.0,-3196.166418009523,4867086.199378932,40.22714909986431
1437.0,-3195.718917515637,4867085.304599522,48.29161006685573
1438.0,-3195.277578060692,4867084.406672685,62.55377400113025
1439.0,-3194.840442214163,4867083.506775288,90.2359373577749
1440.0,-3194.406132190332,4867082.605787958,157.88351234759713
1441.0,-3193.97831702013,4867081.702012101,520.2814328788785
1442.0,-3193.5632650543744,4867080.792420709,462.00236074211284
1443.0,-3193.1672661481443,4867079.873975787,163.8312092518267
1444.0,-3192.7966100458198,4867078.943641412,97.83672868271618
1445.0,-3192.457527544354,4867077.999484934,66.37192847892712
1446.0,-3192.156093637924,4867077.042489757,46.016345064193175
1447.0,-3191.8983578762795,4867076.074115511,30.501834061698496
1448.0,-3191.69036980917,4867075.095821821,18.149528223370183
1449.0,-3191.537970534231,4867074.109072885,9.342874113716624
1450.0,-3191.439443969662,4867073.115498492,5.4276141241075715
1451.0,-3191.3835618873545,4867072.116936869,45.72581881735262
1452.0,-3191.3584901144,4867071.115239521,13.605804222596637
1453.0,-3191.35239447789,4867070.112257949,30.046311957567706
1454.0,-3191.354591938293,4867069.109698894,52.15591063061264
1455.0,-3191.3634780631464,4867068.108127415,163.17026573490338
1456.0,-3191.381752177345,4867067.107567344,4.652079033296649
1457.0,-3191.412139475334,4867066.108039264,1.66631705261727
1458.0,-3191.457365151561,4867065.109563755,2.88865180214131
1459.0,-3191.520154400472,4867064.112161398,5.948003298254895
1460.0,-3191.6032324165144,4867063.115852775,10.425531518258271
1461.0,-3191.709484981126,4867062.120797303,16.226062357730513
1462.0,-3191.843374117502,4867061.128517144,23.804670797037755
1463.0,-3192.0102558984618,4867060.141307415,34.545413495256184
1464.0,-3192.2154966365165,4867059.161472086,52.1608261381081
1465.0,-3192.4644626441773,4867058.191315124,89.82062376061864
1466.0,-3192.7621062852354,4867057.233362613,252.52262285367635
1467.0,-3193.1103484692962,4867056.29176726,340.79594337451834
1468.0,-3193.5097622347394,4867055.371405008,100.12137677067122
1469.0,-3193.9609144908436,4867054.477155091,57.08955089852702
1470.0,-3194.464331946125,4867053.613852932,38.954550403656214
1471.0,-3195.0171542522303,4867052.782642663,29.095707603787382
1472.0,-3195.610617194986,4867051.978234274,23.11335621000445
1473.0,-3196.2353637485276,4867051.194691687,19.30367590823709
1474.0,-3196.8820368869942,4867050.426078828,16.84429257597187
1475.0,-3197.542223139252,4867049.667290662,15.277377801011317
1476.0,-3198.2153226361934,4867048.920104023,14.323746132798496
1477.0,-3198.904595671816,4867048.1896956,13.803201615618585
1478.0,-3199.6133298847867,4867047.481266164,13.595255146907778
1479.0,-3200.3448129137714,4867046.80001649,13.61759282129314
1480.0,-3201.1023323974373,4867046.151147352,13.813504130542237
1481.0,-3201.8891224505023,4867045.539790618,14.14617372551366
1482.0,-3202.7055382185313,4867044.967371875,14.59375418736942
1483.0,-3203.547653787848,4867044.429805422,15.14280902537677
1484.0,-3204.411195390199,4867043.922557749,15.78271764727234
1485.0,-3205.291889257325,4867043.441095337,16.50161578844455
1486.0,-3206.1854616209685,4867042.980884676,17.283920687201288
1487.0,-3207.0876387128733,4867042.537392251,18.109535130311297
1488.0,-3207.994644175703,4867042.106899664,18.95384695322587
1489.0,-3208.9070700551465,4867041.692847073,19.787966050997813
1490.0,-3209.827774335739,4867041.302387867,20.579870683857205
1491.0,-3210.759634232193,4867040.942706947,21.297240605519388
1492.0,-3211.705508272658,4867040.620962916,21.911328279837154
1493.0,-3212.666412372706,4867040.341721386,22.400761487735295
1494.0,-3213.639989343534,4867040.104801225,22.75379323779026
1495.0,-3214.623521670171,4867039.909514233,22.968589145992183
1496.0,-3215.614291837644,4867039.755172208,23.05194353894485
1497.0,-3216.609583514359,4867039.641084744,23.016882241151844
1498.0,-3217.607220691567,4867039.565551944,22.880040973675097
1499.0,-3218.60642140227,4867039.524269426,22.66052738559881
1500.0,-3219.606625468935,4867039.512518439,22.37887839570191
1501.0,-3220.607272714024,4867039.52558023,22.055947919369284
1502.0,-3221.6078028514307,4867039.558760888,21.711023456348244
1503.0,-3222.607645937824,4867039.60957608,21.36035085046421
1504.0,-3223.606214903635,4867039.67945996,21.017596929161616
1505.0,-3224.6029209214307,4867039.770248881,20.69473769578536
1506.0,-3225.597175163779,4867039.883779196,20.40337356233236
1507.0,-3226.5883888032495,4867040.021887261,20.156269588291767
1508.0,-3227.57597301241,4867040.186409429,19.96832697317741
1509.0,-3228.5592871834488,4867040.379269182,19.857018561450673
1510.0,-3229.5357767996056,4867040.605610401,19.842446885207465
1511.0,-3230.5004569413877,4867040.874666443,19.94674947131407
1512.0,-3231.448185758369,4867041.195934722,20.19093997573788
1513.0,-3232.373816229258,4867041.578730179,20.593756596766017
1514.0,-3233.272039346779,4867042.026651629,21.172026934033646
1515.0,-3234.13735582737,4867042.536583457,21.943211605467244
1516.0,-3234.9642555125465,4867043.1050262945,22.927690200475865
1517.0,-3235.747308443322,4867043.728436056,24.15033210023504
1518.0,-3236.4872025788914,4867044.399857612,25.64494669693054
1519.0,-3237.1949472302995,4867045.10658116,27.463177106565894
1520.0,-3237.882545368741,4867045.8353428785,29.636170471401357
1521.0,-3238.561934205613,4867046.572945985,32.195974401610584
1522.0,-3239.2394634256148,4867047.311889694,35.1358360814392
1523.0,-3239.911716797431,4867048.054628728,38.760923641532884
1524.0,-3240.574294078447,4867048.804620927,40.57279759597853
1525.0,-3241.2227950260462,4867049.565324125,42.58427843221458
1526.0,-3241.8528193976103,4867050.340196157,44.81754582877006
1527.0,-3242.4599699422783,4867051.132692332,47.29555017005327
1528.0,-3243.041709644894,4867051.9446938485,50.041309733734295
1529.0,-3243.6005322124033,4867052.773824975,53.07733286086898
1530.0,-3244.1397734055363,4867053.616997451,56.42554295767927
1531.0,-3244.6627689850247,4867054.471123016,60.107157528618174
1532.0,-3245.172854711599,4867055.333113405,64.1430942139691
1533.0,-3245.6732462547825,4867056.200025245,68.55554086885678
1534.0,-3246.165805914035,4867057.070547973,73.36869712362083
1535.0,-3246.651542699442,4867057.944400508,78.60709518607193
1536.0,-3247.131452265504,4867058.8213178795,84.29617588521448
1537.0,-3247.606664013922,4867059.70094683,90.464086335454
1538.0,-3248.080136245665,4867060.581726882,97.1449128615253
1539.0,-3248.556151900315,4867061.461223169,104.38382478712458
1540.0,-3249.039023464294,4867062.336981328,112.24428398718425
1541.0,-3249.5316540467543,4867063.2073146505,120.81496405044669
1542.0,-3250.0318441415047,4867064.07331575,130.21414561034982
1543.0,-3250.5362398411057,4867064.93670602,140.59185596424737
1544.0,-3251.041786545979,4867065.799083356,152.13411889635103
1545.0,-3251.548191500613,4867066.660906111,165.07692050750478
1546.0,-3252.0566533050073,4867067.522017292,179.73258274481367
1547.0,-3252.568392392154,4867068.382241586,196.56927438906678
1548.0,-3253.0860712771287,4867069.238965096,216.4136690624636
1549.0,-3253.6151697887876,4867070.084651241,240.78877116153242
1550.0,-3254.1374468476565,4867070.940075075,272.3759397127322
1551.0,-3254.650167788588,4867071.804636809,316.0864502650963
1552.0,-3255.112528567208,4867072.638781729,381.4820245897894
1553.0,-3255.722757190887,4867073.491988895,489.76554614440215
